Invoice Number,Total Charged
X15688941,
813728138,
G42174195,
27307572,
E37309831,
729631867,
R86891888,
G17880187,
185501314,
368374325,
525894132,
Z32874868,
25775764,
655237307,
X94129448,
Q32399790,
122800810,
36268118,
347890376,
E36037758,
631541528,
K89069468,
265806304,
404404809,
A56544011,
545042290,
G56427813,
739441125,
767258161,
891036587,
616133418,
D11535455,
M99701294,
Q85906860,
T05657365,
614116764,
544235753,
113847505,
R99017922,
578429792,
99736670,
556781099,
486128729,
136721665,
411912154,
226951501,
788637963,
Q93290777,
E22390057,
P15962702,
X18990729,
358951563,
797056017,
T19198420,
266632390,
R00681180,
C44648217,
W82809165,
W92106592,
752619552,
P94091081,
666554693,
U13431705,
510533668,
J34221786,
S52552586,
M88834311,
347345320,
909249547,
A89165346,
314375014,
E88462246,
400438952,
D42270420,
L72796583,
T38566505,
M57255552,
968858029,
267115359,
587945621,
J57753721,
798373233,
363331588,
713971768,
N69004567,
J31035181,
E10850399,
708583208,
G15941590,
K22363359,
K17203280,
K46176755,
B88262085,
725748905,
J61758079,
L23619384,
828655515,
195621415,
525094401,
337689402,
V14223434,
Q86274702,
755478342,
656058731,
T70079518,
613714113,
761485484,
U82787473,
S79609985,
991001106,
288807811,
774944901,
S53605606,
924504787,
336525253,
D07341731,
A92477926,
P39725283,
840169060,
V49251693,
I54358125,
W28530445,
B91326331,
958585754,
R63669385,
470286696,
I96416098,
559781413,
U31929699,
Q38405095,
Y31637916,
V62061340,
I65934666,
850174225,
130538375,
513356951,
247390083,
V37847717,
F02022898,
E56485804,
76592153,
Q01887853,
229307847,
G67531466,
S35264324,
317166185,
I15725077,
U64433052,
Z34426267,
L85354169,
994185758,
202313975,
987120802,
242969362,
J78713589,
634010388,
9121602,
326452930,
Q26371927,
H06183335,
Z25278999,
X04862706,
242007358,
48661514,
U89813792,
125184742,
327297099,
702992978,
E38033006,
D12358554,
Q90870065,
230475082,
706551682,
432790320,
188588309,
F79114333,
V93101563,
M42191720,
396056152,
H06316666,
334385845,
882433012,
Y21203729,
N20997906,
726488347,
T33836658,
379818130,
594789673,
W19626146,
D00472775,
988306831,
384267740,
667025891,
85743606,
S64053689,
362557395,
614603905,
L27724327,
J36454724,
436971423,
J36873143,
L59231488,
H15630205,
U17850650,
F64209688,
572122970,
H18274146,
235811933,
R55947574,
O91804735,
G14127348,
103758022,
699332564,
Q51920772,
829334188,
577043934,
R99836473,
J68690208,
986103842,
R71248609,
T42816382,
L18529036,
234167336,
752909953,
L91824062,
220394393,
Y13797066,
386549974,
458353949,
F18337579,
185963084,
511240237,
160102086,
586013532,
407777516,
A58911591,
106360273,
C16117913,
I46763029,
472290194,
P66662233,
886739160,
620408513,
311329035,
B33555156,
K83821400,
31514774,
M26157817,
764781629,
D95769840,
630512376,
122226488,
918886884,
Q15791654,
593669616,
E34699329,
N24993972,
703451834,
T07636920,
A76823618,
D97411180,
49763407,
W61021495,
307470195,
Y31978723,
B60889837,
K73521656,
700548009,
L22044366,
736758427,
436839815,
L54805510,
939817245,
K25032074,
746198696,
935586801,
255670995,
A26546694,
F77551310,
E46989130,
461859922,
751427376,
395010656,
U59837005,
150776319,
A69243791,
912844401,
A99168889,
M24969380,
A39589839,
H31012065,
635633352,
392831401,
D82623371,
323201698,
65699539,
386011105,
W15412659,
V70675550,
686584156,
331259515,
135727105,
983617542,
832633503,
609421183,
575531791,
726467142,
X12123762,
986171240,
P18266517,
R77142788,
797267275,
848725585,
C17154110,
755601719,
183415481,
N09584961,
612898045,
W97972029,
750543706,
496781934,
R46120796,
135264446,
A37078503,
Q78108237,
Z78637462,
V92553057,
T90219746,
R84137954,
699009652,
R20106650,
972138635,
524793003,
818399780,
Z99389813,
K14239365,
W47657185,
403683388,
222558964,
590261339,
D49607132,
A84129136,
742330985,
809284411,
B26859631,
G53930080,
D74433131,
K92316917,
D20909989,
F67422126,
965755307,
M68017650,
P08719747,
R23219078,
J64991660,
M07592029,
L18808314,
V61272032,
925892156,
811235820,
723425338,
R03341205,
318618545,
F74524164,
L70579294,
J25814578,
199417262,
680893196,
985182047,
Y93321181,
603286412,
U28463995,
33766712,
70616730,
605039232,
807212429,
I66617824,
Y82727944,
130404667,
W39290560,
U36061231,
434892677,
W01167881,
837241294,
823676197,
474114541,
794702947,
625819123,
325287105,
123836711,
578814008,
170766270,
309274394,
G17325862,
J76272810,
G32580915,
E07736809,
R73909213,
R32377274,
D96716081,
946901916,
Y90909242,
T38909264,
V18849890,
743726256,
C08777013,
401552981,
544492821,
V01801273,
165983071,
391056964,
878065362,
871403053,
P88187405,
D52810356,
E23717166,
779691932,
39056981,
393778884,
392444101,
44597363,
859205539,
242179311,
O78576600,
799776408,
520070561,
G41453766,
663345025,
211083444,
J35125934,
954200518,
126358148,
544855945,
T19049083,
G77442408,
746111033,
Z88542280,
Z31860688,
370187501,
373764603,
D35346006,
I30638138,
I23873481,
R38283220,
126681282,
C97486408,
508344808,
K18316941,
N00268955,
R99833344,
K37537400,
M72342104,
S36128443,
17596441,
173606528,
D20014588,
I33403797,
930183776,
361699968,
368794132,
390897961,
961883319,
H02256990,
M89647629,
51034734,
279284583,
792594601,
147743736,
237089499,
W42549923,
751972338,
V66148186,
96194542,
V29140554,
V25420476,
A42301146,
529668905,
Z43976944,
465461155,
248323893,
Y70356799,
F07073333,
615636638,
104318201,
G09158293,
O47230055,
G17932841,
741145915,
454585168,
D20708144,
B09247092,
F05230769,
Q46020680,
191741155,
27925570,
W36776142,
I95842174,
266467617,
667343977,
403991206,
607892690,
V76598086,
N25567128,
835843019,
204399748,
S47401094,
D11134795,
494091188,
198539153,
528743584,
454491562,
959582503,
L33585975,
549395094,
W99024265,
E17563797,
966145498,
477606415,
H45592789,
472235640,
407356000,
D84399780,
636548454,
T95562510,
X28381205,
424072504,
209744002,
K92229773,
K70239507,
O67414744,
X38916906,
885950361,
I24402201,
24657907,
281895150,
119717474,
D74038509,
A80456950,
T47259797,
758291013,
528603667,
K40440095,
W58207596,
O60986005,
492220579,
453119089,
Q85018852,
O76445265,
890267186,
595776459,
798041220,
472956253,
S53687736,
558414677,
R87559116,
W17730802,
J82544808,
N09187253,
Y63849262,
357695641,
F44362101,
T61409340,
U11487802,
433366401,
77513314,
D30432564,
567832112,
421812810,
D26486574,
613440155,
266599813,
792259145,
S89728960,
A22107063,
309450343,
493452624,
I99400488,
809891519,
J28413248,
824803463,
W65013771,
Y48501916,
R83293383,
G10851948,
364819954,
W85462759,
O97239806,
M70995524,
407698,
Y91934048,
U74004057,
C68565121,
122599134,
X25754230,
J90057880,
878286065,
333708450,
808905920,
L47310765,
Q93985855,
162925003,
G21618614,
834989824,
862900451,
M75323838,
243841909,
832110031,
E44789653,
492182901,
385264182,
377801020,
W80065390,
191182808,
B30463489,
597203847,
Q26330928,
R28514790,
Z89805935,
B51043157,
175793810,
354147830,
C71449344,
141514961,
346994476,
70295977,
865291955,
A75338604,
V61251674,
K78283897,
H35677554,
127764837,
995807922,
972873081,
C32864238,
N73924243,
102057491,
771105327,
766596401,
H25644335,
695303300,
133674207,
681446755,
754761015,
75615360,
204305641,
275359730,
T56307050,
878649276,
123425725,
61346439,
F40354089,
W62193637,
K62786286,
L27687801,
B08732550,
74014843,
E30881832,
701183358,
I15224985,
20219957,
50122521,
J00264026,
726631194,
27287842,
U09990181,
437938912,
X08063931,
996910233,
M36317047,
909326843,
O20518692,
537333499,
50496674,
919965246,
602475699,
678530051,
E57700562,
190442299,
437707200,
744290199,
802300134,
283339745,
W94677031,
203005751,
326934939,
774492180,
687940519,
788626427,
226285539,
P22044150,
957331057,
V39848944,
229888271,
488568128,
R42382980,
L01616257,
L21090415,
873781176,
299041246,
486619081,
507356393,
363832314,
404530236,
R88280613,
939985256,
A15413523,
P62552585,
X92090720,
86677836,
226495711,
I37011552,
554890095,
T13850254,
A62747783,
161144530,
796014322,
E27387103,
M34111329,
M53946534,
R71670452,
979670285,
Q64788539,
W66258275,
Y58534003,
257665806,
266855019,
571042494,
I04909858,
P03861535,
H94723345,
F53234990,
Z28552129,
X30496799,
134174723,
181594419,
C26131047,
89963850,
A95729518,
T29263533,
Q35306697,
Y18697538,
767978072,
Y07372498,
V81905273,
H20799898,
X97373999,
N06323966,
769069565,
O58040471,
M10661182,
146741953,
E84433628,
M24825773,
W50129278,
653925002,
625424983,
U62252886,
E25373550,
916297017,
U34951383,
700368606,
A48938858,
H77240226,
V93067699,
H28793370,
121929110,
123712539,
C01327605,
23859341,
T23530803,
309118197,
J51177512,
81503201,
F44767044,
W69538750,
H34264676,
Z23018246,
707237346,
311144661,
U41461082,
Y85842192,
V11881912,
X80960146,
R27583705,
481659234,
718950973,
340464078,
K80053090,
247778754,
M56560191,
U89449874,
E66943855,
372208840,
E60004590,
161789608,
F14374052,
C54351527,
K86263847,
223220530,
I22704416,
J33869062,
Y44581531,
G34509205,
480205534,
P21203967,
340997336,
374336120,
138041107,
S06435726,
D89965256,
36750298,
209323917,
W28588383,
K34483673,
952479512,
136615486,
341301203,
E18091299,
D86176594,
935250345,
U78251903,
D49325288,
264787629,
A79027477,
417476526,
Z47518912,
S56913219,
L44853140,
857400377,
A19078949,
Y65193885,
N53242912,
645187376,
426512822,
168031754,
X56964357,
S90772199,
Y41040822,
224176784,
U53812741,
55844689,
N78782338,
O92249408,
U03766588,
E76958514,
F32755759,
908115810,
H93075608,
Q45263737,
Y83417169,
654302989,
R58407421,
546253538,
W77096603,
I26698284,
Z53385331,
Y35312443,
33249299,
J07325873,
683717975,
W96773725,
F60657312,
618416199,
U36621776,
425436720,
G42990804,
K20242401,
590055462,
N59153641,
Q63707473,
L19570662,
247207243,
177730377,
L10865389,
L16643970,
I92718194,
R51421597,
887415381,
K40623287,
P37527092,
44924707,
B92638504,
333552135,
T29839071,
U02602009,
58695402,
561149405,
M34276611,
L07179449,
7033710,
874773719,
840606888,
T30028314,
N84361545,
610014553,
S37803786,
232631028,
O50508275,
17119426,
947167816,
E60505388,
W73044264,
653061787,
481100984,
825337294,
F86760504,
U66926433,
H26589199,
L86890013,
Z18190532,
R97213467,
A11985914,
U75994515,
T87643244,
K37747946,
O64506955,
905096716,
927485037,
850213335,
C53181611,
M10946314,
Z12415568,
B75693877,
478057510,
607019793,
K17569782,
E65634505,
F64694029,
81264796,
H01504657,
O08914713,
M24911865,
158309790,
205226400,
748103961,
261194805,
H39261083,
703951510,
J33475278,
N59990310,
103217571,
243969310,
131836862,
348781620,
504119388,
S54093661,
B85018278,
988508280,
760349488,
G98919560,
644451249,
74018635,
M54255347,
550817805,
U66872824,
L88384431,
R82669058,
T91050331,
180597354,
E14362379,
810008085,
V16936246,
X62535979,
Z36941251,
266753965,
89367614,
S62085135,
620083599,
D65291271,
E56612634,
Z60190660,
412294628,
7159002,
494922337,
770500616,
O21308504,
362212319,
E03729364,
591538069,
368692568,
E78373610,
R17088386,
W57451681,
379559832,
F08050292,
472087847,
E36566211,
H47985807,
K47436117,
E01843575,
471728107,
217126073,
393903331,
E33791796,
D50504767,
29447248,
796401636,
842385563,
M61714936,
N78954047,
S99864536,
B69635686,
N79850949,
P81828006,
W35451266,
T89870021,
Y95516228,
X46948350,
R97747082,
468587209,
P32464108,
N99419684,
I70857446,
Z99042111,
151322339,
A14355958,
F43509161,
W41700629,
479809842,
73078527,
D44139084,
Z29834990,
U22148902,
689737863,
T91593422,
434861487,
F04192694,
Q03615946,
H52906543,
636240855,
712195342,
R50451043,
272621573,
S91245150,
960884624,
C38624807,
928523278,
P41392394,
683328410,
W02810013,
388764495,
O88278318,
14220056,
X37778190,
650196087,
N20944669,
K66956951,
279481809,
K82170038,
K24837368,
371599529,
T86828904,
F96432356,
354828561,
X75389134,
Q17028639,
261642149,
W52647091,
P09565606,
Z19497807,
I75744958,
Y90063173,
Q59462055,
B64059582,
V64316254,
M99289709,
905920586,
O60382460,
3410655,
L14362363,
P97658206,
187085275,
762002020,
84093924,
B62037391,
859923348,
Y68807141,
E67337054,
625678898,
J91699504,
N34832035,
H74499460,
537707090,
G08133303,
149171621,
62053479,
358444323,
393822269,
575109766,
S53781548,
818670390,
H76772729,
4075853,
O34909160,
I45439330,
717682874,
388914437,
541121811,
303922188,
N74765060,
323798183,
I61739335,
520937324,
M57561231,
560394931,
831083775,
294275220,
10726698,
943052652,
109884838,
486717121,
995696797,
640035804,
X65732317,
833007744,
H13372201,
M92216175,
713263077,
F73606992,
673324589,
446824670,
K14493938,
Z13579459,
760421621,
850487389,
496008118,
A92930204,
122635219,
L62426898,
Y23624340,
828108277,
S31628147,
H64226432,
671960273,
X26616871,
334835129,
A31500878,
M06870083,
512407441,
276435492,
C07949388,
740929216,
39171691,
J24088478,
716726548,
T03868910,
B24746340,
Y75103602,
N00794559,
221800479,
G21692001,
336161256,
560769517,
X98019617,
927590897,
103771831,
W15716238,
373198652,
82946292,
576405707,
C44757547,
747995436,
880314922,
483298163,
D60856904,
413071155,
W52148031,
82783587,
X61051263,
E80561076,
Q42091054,
C23563744,
458923436,
H97714837,
300156960,
N76060437,
932063675,
816463672,
873208270,
C35528902,
O07172205,
X92129349,
166171286,
714644419,
81637261,
777220620,
J13324290,
H92525725,
669451383,
817571285,
G41602454,
X24665873,
T20450217,
436062517,
350779207,
159694509,
L90860134,
K72169756,
132463890,
928824085,
666501878,
I33164144,
167419804,
N78076328,
358374817,
389374562,
199615782,
191735158,
C71149052,
K32266430,
298874215,
S52088566,
774431073,
993008601,
249148545,
Z17087461,
N84341824,
W08498679,
F42838802,
H81368524,
Y61843660,
G04545534,
F57303984,
500673157,
Z75127011,
556969522,
493426837,
270410669,
E78647035,
496352093,
F22646212,
F58477080,
900310654,
965462887,
R56024532,
J62056484,
448089744,
955388872,
K40413987,
411697483,
408632278,
L00981624,
X69355246,
157511214,
Y79459072,
534509529,
B71398501,
J81465801,
E77299374,
579779928,
188389788,
651184765,
457511047,
R46766698,
F55659893,
I29569341,
995069335,
G81681404,
934501177,
N42367156,
S93038598,
836080747,
179696144,
659213196,
991932972,
N42603601,
S68480539,
134641440,
A19885701,
P10109758,
91553298,
T97637435,
501863900,
D28999996,
564653890,
797336776,
239252542,
300715594,
666441097,
B66994378,
761259632,
235864113,
737540792,
G11273679,
15446554,
254385213,
N13888406,
N94064738,
O98334861,
K11168555,
K51042077,
N09296251,
148380969,
U68724522,
H41309239,
H96634052,
320272918,
R65325174,
Y13584028,
L87545368,
U17333373,
587692676,
A22113809,
203415327,
Z09937746,
R37095818,
249070653,
H15000201,
848969990,
179850710,
L73315281,
C72890104,
194871080,
T49443480,
N96061142,
N66469660,
W27830676,
836373527,
A58105111,
671630289,
780372644,
829621902,
J94816623,
C86219860,
627292279,
387415068,
J06708576,
G41102182,
173235339,
759707946,
55314341,
C36997168,
926534338,
710370594,
823576019,
778234723,
Y50754978,
U30482710,
P82919972,
212896081,
73122139,
238693057,
560031826,
T26870957,
W70670958,
504281457,
Y70481826,
F21855677,
504410149,
F90300325,
Z28231627,
F10822674,
374297186,
694545557,
M69473297,
972017988,
513757627,
448462517,
Q55378628,
360887046,
970563448,
Q72599313,
825225585,
931348907,
C83681042,
762844737,
B58503141,
I53125763,
675647873,
454148572,
T75160494,
615529936,
O76221068,
Z55684383,
591718673,
274138614,
911756081,
B21612524,
Z79364917,
969671146,
O45131881,
T92562026,
963266757,
X70960185,
726028216,
R43083892,
Q71201419,
328749489,
B02639959,
S12804454,
S51936018,
203614080,
539756310,
A14992502,
T23253751,
953436099,
105542111,
H04582292,
200186800,
346884370,
D52755784,
522338649,
658291418,
Q66864571,
J89938309,
533184095,
756208849,
72683575,
677953585,
226804483,
X14198241,
N15550604,
W28862654,
966580985,
U76666943,
407935544,
422333780,
450063681,
J03560148,
397744799,
764978728,
D51496160,
952075374,
584104059,
W73771705,
240936608,
482145119,
291034231,
563782213,
715071195,
G89690650,
J14365531,
161955149,
B35209087,
367464880,
700765117,
868263864,
G27292548,
82589416,
448792416,
M10920090,
889120404,
T73936386,
R15446797,
974110153,
S66655725,
O61092756,
Q16069285,
S66790160,
386222756,
V83205279,
D89998695,
F99500366,
D35254717,
460655538,
O67928383,
F78375651,
642086703,
E91985441,
747626422,
T70565224,
B28260914,
872385313,
723477890,
62297182,
P07924053,
714739806,
U08587819,
A92113296,
B47166553,
623610662,
N67769666,
691521062,
L12275884,
985279020,
799615271,
1996247,
323106719,
416956786,
301639906,
482748622,
K56029294,
D76795190,
H93789693,
496191376,
430027848,
G64133686,
O85054631,
522428740,
F47109546,
141015735,
450659976,
N81336779,
D04444060,
780895345,
376097634,
R06174759,
281015471,
W86054335,
821367878,
30634319,
U61162030,
R28106914,
X35198491,
449818763,
344593049,
W37228939,
U01777319,
N26985602,
O39273168,
421955271,
O79892677,
979247849,
C02958070,
N26719889,
826821883,
203658111,
201073943,
949263417,
N60606413,
820380833,
607786334,
A05884948,
39518406,
W20575277,
M78045272,
196629123,
911100672,
656215458,
872560436,
323409526,
K08414797,
E40851671,
931101666,
276418818,
O88258365,
B58075757,
X23359837,
E02725975,
B18206495,
329628995,
D32378097,
526448510,
Z46391021,
R95062932,
450812904,
703222959,
Q32968382,
636040513,
457025606,
H28261431,
E67280413,
S39672047,
W47038078,
997668125,
Q27602411,
145440037,
851298612,
W07504730,
838392262,
K19606858,
Z17413065,
176180460,
410140198,
G98145535,
Q13238794,
E20297949,
E46202989,
334418649,
K05383757,
Y72964599,
986433219,
704190483,
920975501,
O22057187,
W16159113,
J35861528,
I56214076,
559480180,
U71720060,
280215366,
100856525,
752804192,
W98470507,
74128755,
H48654517,
626084566,
410894134,
E78870286,
681268616,
127646452,
118500412,
495419196,
U35665700,
O47579949,
675356263,
I77027650,
D75879583,
A45196320,
L51189888,
Q50193817,
630805634,
191433200,
C02292392,
Q88954954,
N59530304,
317468061,
633532095,
R55934446,
X60715015,
Q30884034,
601529524,
552281513,
V40168078,
921215394,
435614084,
Y43833884,
79433170,
D38386595,
B44314277,
Y32627216,
F77580096,
A95998530,
L46268200,
I56805324,
115181432,
Q89291039,
J32804827,
886423669,
C13427265,
N58964997,
285812951,
Z24114092,
S87231150,
509350373,
H18761307,
D29244921,
D75599902,
915485603,
L52832175,
R69973349,
692561177,
R61617949,
L54790633,
560185569,
774292864,
F61197334,
173626597,
C03284106,
256404593,
V08662372,
E15616155,
T76121687,
81403711,
162046704,
563240793,
Y20423468,
962447347,
232461089,
758809197,
H25543292,
286448595,
X74800700,
602065402,
N07350905,
435749897,
408199066,
P64021901,
P71712063,
538876443,
102823830,
U84107652,
242903095,
Q26944421,
843768010,
P56082273,
15324790,
L64812100,
Z38825880,
160367252,
822229774,
574091657,
738986431,
501985113,
P56073737,
426894780,
O02377323,
886179482,
730890582,
L20346774,
333057587,
83225490,
734794644,
14211096,
P38470058,
Z61570231,
213891067,
327951417,
Y07159667,
251836972,
517046522,
H92264338,
C55181435,
M48109520,
Q31966227,
C03877488,
J68374086,
68593287,
944693731,
382791733,
797721044,
172124186,
T45840320,
Z64272201,
R67460259,
T00398777,
368845568,
822065447,
763104186,
N86622601,
P09089884,
271372614,
H41815795,
B09958034,
S70110328,
U28270711,
V42518388,
E84353634,
90032164,
P36192023,
358132375,
T60109270,
R70096617,
N79992674,
Q13709764,
V93942978,
S24959725,
A23001558,
G20343991,
896736757,
F64036009,
T15373220,
214722012,
388002567,
D70750540,
M02744706,
292912128,
645770636,
321831759,
Q28178550,
355929227,
Y61045810,
W53054996,
724093394,
565705358,
299734355,
775694109,
D12948338,
717243301,
757785756,
J83789817,
592948767,
B54177586,
938762375,
839288284,
Y25742954,
J18024893,
70907636,
931839722,
539901562,
837195479,
J32579814,
850979493,
59286966,
547731187,
894936547,
505216745,
946898346,
629935325,
534816178,
L78881351,
C22389748,
713213564,
G93786741,
64285899,
399494460,
K29056375,
533062797,
M78728414,
Z37036921,
O57450861,
Q97161944,
655091646,
R13794624,
J06771257,
S46037761,
N55789930,
H07159608,
315935113,
Z90482441,
105445399,
815936429,
501700937,
194641345,
549107695,
478055248,
759580372,
797552545,
T05462087,
E86312404,
667427968,
J58837602,
994328536,
539819010,
C77549896,
435414097,
172498632,
224962331,
153884346,
D37618179,
443352686,
B87657570,
B33118943,
H32989370,
B91679980,
405036570,
G79116447,
O31949107,
636292884,
392635800,
449749341,
580269427,
G44487094,
637683558,
Q06643066,
B96976069,
Q27347680,
971757180,
G82414939,
604176693,
C73833570,
B01621180,
71535804,
R60477135,
261702153,
8002403,
425463849,
P95982215,
T10174707,
951186207,
N02423545,
413719311,
590084567,
619691836,
V02210696,
832874663,
101633005,
V20901137,
A17346448,
L52202212,
C31904923,
430620930,
842230694,
420519466,
150548233,
N16922288,
H24392563,
R59009415,
877889495,
D88796382,
826758082,
434410995,
I21560119,
748777733,
Z51146808,
T96035961,
X78917414,
305613177,
S25815966,
H15276616,
S93984154,
W44781189,
D91779634,
885686345,
444841388,
K91488670,
807294335,
X36454486,
M12397387,
867037269,
6653896,
518233331,
W88751753,
A72364030,
J83863218,
M28470776,
O13680227,
587850722,
X63805564,
Y02899741,
Q35007616,
467815480,
X78020196,
Q39732716,
802822729,
167029093,
357037424,
O42106384,
X63064151,
547948501,
G32012818,
M75551037,
S48330799,
978599347,
S95661073,
199133162,
470081220,
U29182053,
P21730043,
647949732,
825889588,
A07615328,
B67945319,
709377463,
242475649,
S03674040,
H50684521,
Y89691810,
200447245,
K88372239,
197301588,
S84657418,
989771799,
B78226626,
885139278,
389988590,
G67299525,
286247008,
K41946730,
999746476,
979283277,
B07768665,
522429361,
160463890,
B58810005,
285707919,
I70677742,
T55536570,
B64622537,
R02452360,
U98007686,
255596816,
441450082,
147407933,
V56264918,
256521500,
100438562,
A87256415,
B31208581,
662027874,
121428420,
605638112,
N00668570,
Y45222569,
114330690,
139453160,
H97128754,
P42239221,
787583755,
O75431366,
513622644,
N32113424,
885533296,
E45614819,
V07686867,
P76943686,
265903923,
N60394347,
G72596725,
U43939381,
775356030,
113849795,
U51483418,
908911478,
772371532,
719313697,
767720784,
630711247,
I96314054,
962966168,
463226230,
233739298,
B46087039,
829546894,
B84604142,
16235469,
639390189,
T41798507,
148235815,
328965935,
233222416,
U43175068,
F24264392,
427944565,
84271548,
S74259764,
799958364,
G88112756,
527061860,
765217314,
H21001802,
536832871,
P26379920,
487742506,
104633950,
167950642,
L54184692,
913659044,
988726016,
206546959,
R87228522,
334447890,
V16291212,
D97884392,
N56463808,
200876086,
T27460367,
883024894,
593061772,
448810008,
241576140,
963186898,
539905176,
564751764,
62215244,
475051068,
95588623,
J05537434,
B87109375,
A94274570,
352143821,
352032941,
208916735,
B08389103,
438365979,
397991812,
Y79225267,
929376194,
O78335907,
G47938887,
J41408525,
393758397,
B53320287,
C66698674,
R31670346,
511102728,
521191702,
B47005010,
711707317,
V43633851,
T78039865,
603941408,
I59311508,
427744287,
H29792390,
A04535529,
C84342741,
780527199,
N74170990,
B33765862,
I04884712,
W57429476,
710133908,
468755222,
491844530,
575580040,
201573028,
70480162,
593698645,
W36298100,
O02595603,
432563295,
U49464063,
F54956834,
603723303,
M54744346,
U33308673,
K55268636,
P88517706,
I23377736,
U59506100,
797921445,
451065570,
251232982,
70135749,
B37906970,
L11544163,
A88211218,
H94694318,
E46967280,
R68239294,
Q53279307,
K72170289,
18549425,
A92922912,
X97897804,
835186598,
56427689,
K54443893,
486177540,
J05804485,
793395572,
763654734,
A99436936,
Y20657995,
618981359,
A49017508,
D11469530,
512640809,
187164639,
S46549957,
I36103559,
990234638,
U82189162,
226234161,
B52197663,
246783436,
S12762293,
E01368964,
Y79086606,
I66020388,
M06771679,
769303403,
274548240,
J86757121,
H69667981,
76757317,
615409665,
K59070219,
597633600,
675643592,
526314510,
937003582,
332763794,
J56861041,
P04656527,
J76912156,
978764507,
952198745,
920714052,
U15393971,
N63591706,
C31441970,
825577245,
662031713,
F63907692,
23141898,
661702094,
O03329067,
O53466185,
492201732,
R71509565,
O31761954,
411577452,
121435975,
W19713911,
Z12826332,
C39208518,
483650518,
M63765442,
74181721,
855444881,
O64706125,
147277323,
882260433,
569124418,
Q75672655,
S72699659,
V75796690,
O52443733,
Y66801984,
M13672120,
731488589,
B99748016,
A36497404,
968218514,
3292769,
836752469,
794286934,
E65616807,
489395573,
216215055,
D06405544,
235755526,
X57541581,
272788663,
101117700,
L37552784,
W32359466,
X61225360,
W98197448,
D81682360,
E03579651,
773494281,
M14444046,
M92917813,
H80559791,
530184712,
I27119111,
863821644,
595845012,
225654936,
973930758,
E99042818,
441648407,
59246777,
408714206,
826312032,
492994741,
O69832893,
166275162,
C71269640,
679122052,
997658100,
T91648248,
520700044,
O48394057,
350598104,
384571310,
B34714446,
V38322939,
12289795,
Y24230941,
944279274,
R60248694,
605931331,
E35362881,
205423158,
N54878344,
B23947272,
M87507324,
T43494042,
705699330,
338370640,
W15876176,
J06875275,
K59760443,
843605709,
450795617,
V89242590,
U82840171,
90493006,
219952732,
870440917,
715244270,
Z50303478,
353712458,
U68915781,
K41934657,
514937227,
400658162,
K03490722,
J13309921,
966889200,
266234759,
267442434,
E03385051,
399465248,
941399614,
S45667186,
793139558,
922281528,
381545502,
Z51916633,
914131153,
469258973,
231305945,
560921571,
599011794,
340621435,
E02425594,
U90403970,
Z95591920,
327189034,
212088979,
717947996,
548886003,
M58678155,
B98791023,
N13779557,
39465280,
786671719,
432448350,
K75555920,
536634267,
120959033,
871494891,
62982879,
10172100,
986610902,
J36477939,
B62482509,
499854838,
Q97929935,
G96851419,
461445809,
X89070608,
922040284,
F18118631,
249738741,
Y33881755,
910052209,
A45576082,
K52200169,
Q14355396,
178546494,
981228800,
422158699,
J90358279,
994686370,
T86159296,
632208083,
932320227,
894342365,
599715047,
A18144560,
473494492,
41259289,
N57217864,
319921770,
S45849762,
138885322,
F11871171,
F68670156,
A66517011,
N80777061,
E36089896,
846643188,
V54622249,
N22640436,
F99210088,
323254838,
393635374,
775735871,
S17421994,
R25155194,
A71514727,
Y01514631,
B84055940,
H66276442,
O57137085,
H87099341,
926438720,
295429605,
T53302606,
923183422,
A05208500,
C55907090,
648220818,
H40607126,
A89091634,
242304438,
835445770,
996388537,
899994411,
265670884,
P84121113,
Z99656030,
Y76993496,
S58679588,
V32994165,
E61365980,
903591967,
305354328,
175802407,
350496057,
M01094125,
N67905471,
Y72954861,
P72643303,
N50610612,
223979742,
189004487,
886575791,
D14816419,
346385588,
461248155,
M52598531,
511629683,
T15541456,
H57590778,
587695393,
272132174,
107928860,
322836068,
971736501,
N96403241,
858871846,
P52227593,
535235493,
781889901,
919987936,
318264433,
A61931825,
X60196908,
X28609392,
736523413,
V10392003,
415418333,
777153101,
B77450189,
699975656,
J05766791,
780594813,
N41495929,
181894633,
A22892434,
382157442,
518552404,
D87483233,
R29467348,
904285044,
M01588681,
867477428,
G17282762,
177351783,
752851804,
I87224196,
Y59435668,
46786459,
G61449812,
I28394056,
160495261,
389880721,
G55125259,
U16018637,
554773728,
A74667740,
788839812,
523608044,
V84988422,
929862621,
L81576330,
765042909,
F18056001,
294895558,
Y70606821,
802643102,
T63527722,
D30790649,
Z52160761,
I99239755,
P28588829,
913496443,
W18616507,
226402642,
335479230,
673807572,
924303698,
664522754,
515316808,
B50309773,
521405978,
858034736,
365535925,
630932348,
X48480571,
Y39330110,
N13083189,
N70168219,
P21507748,
937272859,
F23573215,
P05113833,
687135395,
B79549889,
U29550587,
W62674669,
8195958,
S34606445,
B56428162,
960884169,
O15684457,
253685966,
530732747,
J38203879,
545052809,
531949844,
122028015,
G21487302,
C94524474,
E69881688,
296409359,
T11853163,
622970616,
F17748624,
N28856596,
833014493,
420201053,
972372416,
S50610451,
115101396,
Q34238563,
827211536,
R99950411,
N59930279,
J53412528,
55509534,
576468861,
P29077007,
Q84981916,
Z35343227,
659087996,
R30188834,
M55201791,
H76492654,
401568671,
164117733,
C76000540,
978157862,
703941279,
965193121,
337930077,
386327508,
302195876,
P49768105,
614709665,
937309535,
680265859,
V80429423,
B56342867,
D57651373,
362359853,
457997408,
992979454,
O27255021,
443882222,
708911509,
M10394560,
V26442991,
S65309155,
M06723031,
D18833094,
113142211,
316388427,
H90594825,
559988578,
V91148669,
V69002496,
20701407,
U42746495,
L12039794,
D05310889,
633851093,
B60511746,
W84674869,
683178062,
H42819408,
B25469788,
H17500681,
Y30651829,
L02272487,
N22205080,
D58620424,
508444327,
607183999,
Z47383845,
C13901062,
893869266,
S22444439,
589125585,
E21834442,
O72089388,
I89413798,
I16772235,
352497597,
A56606056,
552721085,
811447285,
W82222154,
U67070757,
327566849,
893822953,
404417703,
L66353308,
C50134083,
E20726464,
765582652,
A28743457,
O30096609,
S47326309,
635018498,
I52345194,
64152367,
A58910879,
990401512,
241741262,
947613448,
Q05913250,
G27051618,
R11231727,
386943477,
932331253,
O97202669,
407030594,
953943521,
711596285,
G08994016,
C27486711,
207940400,
I95235546,
L61944577,
825708962,
Y48993830,
724133396,
K51803274,
J38176343,
N91851239,
154150161,
764314379,
X50739110,
L30732526,
E44412179,
384239125,
876000467,
473310107,
U38156394,
P99135287,
545048419,
F70923421,
63281978,
491131511,
620103383,
B46967139,
C64551201,
408452061,
S83733914,
935679746,
477017274,
Q84610753,
S75560165,
G82270931,
V89537340,
F91716883,
D79191446,
291956104,
6435591,
J65758486,
E51468886,
950983712,
Q64955895,
414663745,
339441236,
O20028130,
338739371,
I62212927,
701358920,
H67340299,
S51951891,
X58364379,
41933487,
140376900,
408285900,
993783306,
D80407282,
D90076587,
91958985,
L53172733,
217111906,
326757240,
811286009,
N16307162,
527612051,
161765916,
986584279,
615215072,
796708395,
F48326912,
L16515379,
R59252619,
550526092,
E53184180,
821600617,
H79390638,
956650446,
492550687,
N44616722,
421940738,
Y98117324,
535348518,
X05374885,
44953647,
A38282340,
P29470259,
P35834695,
711244659,
265409960,
154451441,
243106793,
F90311080,
J81817824,
986900708,
H97156335,
F46647940,
611622686,
X46445966,
619524603,
W57907084,
578404666,
X55554500,
K35192453,
A19507632,
327218242,
874783550,
227665786,
415850662,
89279411,
119570858,
336313657,
640653524,
11608974,
103695920,
D16597765,
W74292422,
723943518,
T07890397,
U76177022,
289746915,
711301863,
Q89363624,
S39968401,
U78507316,
440308071,
Q87442886,
N45126809,
N71301802,
778048926,
402242263,
385610454,
V58220944,
373313006,
D47090291,
392971175,
860327177,
B67295882,
N08629816,
767442889,
Q15863840,
D12628904,
F53518709,
932229605,
852353289,
X95562027,
235908143,
Z75000869,
O25341487,
951165322,
762929283,
167704739,
Z78885992,
740156015,
M15458819,
569538002,
407023718,
102819958,
148558955,
618753025,
Z22930901,
333138580,
P90958646,
824980104,
M66900887,
475234475,
G92704103,
302641336,
Z21597741,
659164633,
546908724,
689996566,
W50090699,
Z56363149,
244926579,
786550718,
770554898,
491571266,
234652421,
X03826325,
J23300621,
G94880599,
264039948,
R41251164,
169911215,
O92353201,
Y02041505,
12628738,
Z37207689,
O21995328,
I78734978,
Y08415696,
H56395479,
188747930,
F90633412,
G49851595,
U59020633,
M70941071,
557328646,
459688376,
489421574,
T73627855,
328103147,
W54573496,
782722781,
132419197,
E20855671,
J74738156,
892038889,
T69591539,
X31312836,
P17182183,
668583485,
J56230588,
J98666170,
449629787,
W46992973,
L14724362,
K92006483,
913685068,
231723796,
B67265374,
O35388413,
368335923,
269625977,
X50963865,
Z29046653,
O63072775,
J27423467,
296314496,
I11649520,
220154625,
N50142290,
L35408473,
W70459548,
846028600,
L33325540,
M40675281,
I08916640,
70195075,
204656817,
E88933635,
D61112280,
F09029828,
H14692448,
Y11755096,
H81839240,
F22926292,
P11881922,
195478488,
942889585,
162303755,
717944675,
658035832,
800673026,
C93324489,
H21611833,
529565711,
42855507,
T48365771,
J63951370,
M26882293,
D87119603,
742531476,
G67712694,
N88355537,
E76661432,
M72434752,
179043532,
282083350,
K64771038,
517704000,
G97486504,
O06467423,
Q09368081,
Z58257476,
705229122,
338553690,
123959870,
R46750897,
N74876228,
108982224,
727307643,
M38534386,
705159761,
K31463702,
473827588,
H65887676,
28668595,
921938318,
Z71413700,
438271315,
810265399,
849962462,
963257717,
689431545,
666800609,
E85202813,
958529977,
641435645,
557257931,
498967555,
769768827,
J35012952,
541883442,
2306856,
496647756,
H92200996,
I83480417,
764362980,
P96273811,
O58060958,
L54550540,
834629286,
975151200,
576656901,
J45519992,
K62099255,
324971560,
R65085171,
Z56750847,
D31578699,
B43706051,
467011967,
T61470242,
V03158082,
H46641455,
844446398,
O34943720,
154197749,
256363814,
S49130451,
461812608,
T22516496,
65673747,
J18938082,
E40474974,
68703051,
N03383825,
X56233583,
881540674,
T98813510,
976551819,
Z90910899,
915462705,
U36411668,
731862846,
P79889411,
G35064219,
944788045,
O50482290,
229767080,
45871630,
N30189298,
C04541557,
E85856352,
943699338,
586582023,
P43246067,
761067419,
Z20459034,
T84071731,
464244114,
H73349378,
I13724017,
814280860,
137850720,
N18676220,
519918931,
C80827931,
N31697310,
99667986,
453980051,
J62939021,
H42695671,
661903435,
315745666,
438590237,
292567308,
Q79133139,
S07729181,
797629846,
L54322735,
I70417830,
195461498,
G03329375,
B09460754,
R39490796,
Y36106652,
515690593,
915112941,
U16736754,
Z59399548,
199116904,
156601953,
19752250,
375587074,
C34620773,
7275876,
Y67401025,
334603744,
934729720,
398892524,
578230136,
320760846,
R58746812,
679053956,
R57289731,
958776786,
68886679,
592468424,
681443661,
376094710,
947457305,
R36120713,
M16120281,
412594638,
188181012,
C62451203,
343132351,
761602601,
E30166544,
C68844063,
916621525,
E93757455,
N57041202,
261003042,
374833790,
737867098,
652025776,
69437718,
M76583822,
683368629,
N35835064,
777905525,
W69333405,
J74421734,
J38647986,
P96362636,
Y95241219,
X12759274,
166823673,
A48624134,
N97434828,
680683650,
D67816981,
J13458457,
279847967,
V37427543,
338247117,
948277267,
P08201583,
264650568,
U91646451,
Y67083546,
959208541,
135279252,
825031453,
202007713,
307383208,
683594242,
327525923,
185877746,
541024435,
Z54755312,
201256504,
564273692,
447618688,
292120163,
133477658,
E24830946,
A74642322,
X81233329,
537414961,
Q26166337,
963970171,
887032195,
688151776,
F44998751,
A10084577,
G19020861,
203383760,
425458658,
819391227,
650931460,
752141483,
A63468178,
P02200158,
22892866,
135920599,
I42215796,
252394569,
236607837,
558556537,
N50968741,
Q12604431,
C86838746,
T29327841,
198240115,
254372550,
21503975,
E85817916,
762820169,
745458685,
H05850280,
F97400655,
747355796,
V85298956,
495313816,
828636098,
305638901,
338053630,
259073275,
R60049900,
922350749,
A39558842,
640852148,
200510878,
253443212,
461943648,
J11647758,
K80324093,
D39212382,
258382760,
S78347478,
V91157742,
A41922219,
U03504091,
937933665,
876185164,
Q56572815,
R42958958,
289874490,
98967814,
628889754,
568202132,
618988651,
Q84625360,
C26437470,
J87595011,
136423268,
P70835091,
871771407,
F79701540,
U40418913,
S54686602,
P20737026,
928647291,
8460483,
O80990782,
X92174717,
P41866067,
823613765,
792676696,
F44314412,
398498349,
417466857,
J35924647,
294505652,
239532111,
N86652581,
M25939570,
B75598645,
913286915,
329476178,
133711112,
747094435,
700814151,
643895560,
47226396,
822938021,
103698761,
E50800345,
A47036077,
7218471,
E11897241,
428224296,
480809592,
56579736,
226164536,
R59015896,
J59829427,
Q32243422,
817955463,
O94045388,
254329613,
372079082,
999406635,
423539025,
C21256054,
787230949,
994888939,
194194885,
A27462866,
U99647127,
G81034478,
E60945222,
642292549,
Y96197941,
I68138586,
E06762689,
309033065,
Y85579324,
514878067,
823967425,
M85954832,
797456491,
558971929,
972477866,
N92543799,
316621984,
O61581503,
C01388351,
489355328,
B93605819,
T15780799,
M74704623,
M01500522,
123981025,
P58448239,
T75441545,
500438525,
A67445048,
J41080944,
K76771746,
319099141,
Z11354912,
H25831055,
858548752,
W95363088,
323813947,
635217673,
328984689,
819550326,
P44701647,
850505197,
27307069,
C21241570,
832909973,
90325384,
865486871,
D92914869,
E03151602,
S78456455,
483809258,
890251515,
J14079957,
849620273,
750812451,
A08797682,
E91778015,
724389429,
817019455,
C50117463,
A46016725,
J49864064,
Q38827520,
M00865999,
X86301899,
U44453283,
E84344395,
292870464,
H67642003,
H79165356,
T06762948,
Q06369255,
565451148,
987600747,
939146466,
67085629,
A91245929,
T05096139,
F11848903,
501418185,
821167702,
M76986227,
Z71826762,
844487118,
G87806437,
I90074890,
677608637,
C23673672,
I25214385,
D65871540,
375086239,
E06749200,
G09572988,
Q76285628,
Q50671023,
923646283,
V74412023,
402673005,
T19899577,
859949004,
67765005,
312808695,
808092303,
T12954142,
X05228332,
A75375618,
250097987,
A24802979,
B57354338,
J81505654,
F21775259,
280001450,
595858793,
G38971214,
172762331,
634296566,
999283978,
292616354,
57226538,
D46156630,
403970215,
332900566,
26397800,
M70587279,
Q21410884,
87782002,
L65161347,
448214233,
I38271281,
225979441,
P24827252,
J89444630,
48311648,
179492177,
244672097,
600361292,
464911112,
V58756242,
62318568,
Y29029914,
274445312,
818690507,
706564383,
A92948143,
170110671,
260155921,
225289155,
B73801543,
832504142,
745351275,
681424978,
577554232,
653220613,
Q36005174,
781761850,
592167147,
863900709,
K62007086,
430835186,
R35372732,
413236526,
199854916,
W92583578,
D03138532,
790178853,
P54174974,
257281359,
W71472251,
J56247039,
755131443,
V27515750,
97419678,
99435319,
K99549880,
O44212715,
E13807153,
R66870604,
Z61545889,
603829492,
S97656547,
S16702817,
Y65609983,
460934397,
894566190,
833580355,
X95049575,
U41830984,
W69558855,
333907445,
619518391,
L37375917,
981852739,
U85086647,
O67599245,
R09539613,
G58363038,
W50844400,
291840800,
44470249,
J81924925,
S28460159,
Q68951270,
N95844381,
J47716510,
698631563,
624804112,
44598886,
831615874,
O27634762,
U02396120,
D44063490,
B07706242,
526232042,
462282554,
70873354,
S36915212,
516832974,
T22339338,
S51753726,
I15077633,
X30994588,
132862794,
N01407491,
595769561,
563186485,
T12699305,
M85031182,
9158142,
E91339579,
581785787,
E09752043,
A56869287,
Z37519105,
400169028,
E95542869,
A78300315,
416240896,
622633797,
612507811,
161357882,
419690782,
W34406099,
404386208,
Y83178679,
825227450,
I83257512,
G30086597,
873089312,
M08339259,
M21589512,
T07745830,
940661885,
727792299,
O67948403,
969744534,
D81325903,
309363341,
611250061,
786506213,
836704930,
108017661,
907634695,
679423740,
H70448300,
B79339143,
J61054365,
53613297,
647821365,
U11545220,
227224377,
744338632,
381256835,
U09497437,
B29091656,
I23485183,
520349691,
632706636,
406839826,
390269993,
L24684814,
Y39463877,
U80849210,
C13624591,
3236057,
594720,
509653443,
J65706829,
Q21389162,
81116292,
911068829,
727314024,
E58739317,
C62226411,
608787718,
J01967248,
10475380,
X43993624,
A17270214,
214704726,
817940600,
906331753,
972427062,
C08533748,
C87826254,
C46736514,
123675001,
234687056,
G56750221,
155968238,
108390191,
B57520441,
A10436320,
819170906,
N52274266,
H65515921,
273008103,
Z66987861,
E90994350,
B82106921,
G88313530,
671300850,
F93474386,
C96288530,
72546145,
978660610,
779130326,
745099541,
209820554,
275501494,
383580893,
596911407,
O30404236,
B65670871,
892424266,
H36547377,
868297959,
G91771553,
929833105,
400718582,
836775105,
125477148,
438221729,
993578025,
355976654,
800086693,
E47502306,
330924852,
T08494311,
959936832,
L10391573,
Y20219492,
341792512,
S41456941,
836421719,
719893326,
493009453,
853782104,
D64298303,
K39755965,
616705373,
Y62121967,
537845415,
Y83189423,
501832121,
X08947858,
906530733,
C03976168,
931922691,
304766466,
481478747,
45773765,
860655077,
M81513099,
557922240,
X47803187,
N95932932,
W60573593,
K05587720,
E55268789,
569055557,
C30384204,
D25935651,
U45648049,
584982127,
F25365791,
796958288,
885595471,
774857108,
833005559,
402480067,
433338901,
V46664076,
W49123640,
583753965,
T68870124,
430228799,
D65711416,
X65229657,
Y04328097,
886953491,
281822063,
C48400107,
P34223490,
465429187,
500533219,
L17540578,
C89984827,
Q43569160,
N68175845,
105756879,
V34028817,
N52556437,
721140449,
G38754813,
V57459007,
21237076,
543255461,
512627123,
A12122202,
S09607049,
536509819,
787288175,
126714877,
506880471,
Y10560503,
Y69980783,
M75303598,
Z10713986,
194666495,
L13922798,
R25159687,
481850866,
808841701,
S00057502,
574323934,
X69382321,
686108038,
Z32136574,
S41711348,
607142533,
M98016919,
R59073648,
W89891523,
559637863,
R65687372,
821701785,
869456346,
L76577197,
954856153,
G94162941,
381817391,
636403352,
Q55579696,
S75741912,
W82092311,
L94005931,
D94124374,
W87021205,
191113248,
C58241772,
G42001089,
969708155,
698587252,
369027831,
468794930,
J60735595,
Q31356135,
I78753282,
586086473,
161882715,
S52116716,
273442975,
530840626,
N86055752,
I67731294,
974378313,
95860828,
831162953,
242345435,
959240048,
102810802,
N41597115,
329950570,
426019049,
Y08439674,
B81050023,
U10560838,
T48437944,
874764647,
300367195,
957930170,
148970366,
372980277,
639386532,
V78871500,
711533121,
C04672222,
M72182342,
X01487842,
Z81171603,
732222505,
C87655779,
466324394,
874920639,
T66564817,
G33595548,
O29716775,
V11483470,
421579723,
A20793649,
115643665,
521202016,
530607805,
335880236,
T35222735,
A61983624,
Y95908722,
I54398351,
N95011336,
T98909423,
504612536,
C98530837,
899953848,
561118967,
39031369,
429395157,
620061057,
41198352,
15071103,
U50744629,
J93963320,
916207762,
G01505482,
L41788951,
320199844,
A01782684,
Q49679783,
970964028,
Y83691502,
512437061,
D91574181,
790782260,
T99560963,
300544252,
M22135970,
679918500,
593844967,
681324040,
745704367,
F77503464,
Y96550413,
545106135,
L42110733,
715270944,
G56060074,
325992375,
599630127,
764172223,
J39506804,
C98784964,
V53944800,
592454054,
Z29627840,
F48158556,
U53650647,
759476948,
643204274,
Z14428840,
327952333,
147638233,
603221432,
I66624417,
W33484442,
B27396338,
F77222636,
104572274,
B26480707,
W87250723,
998625882,
V13975548,
313042249,
425819228,
53675097,
G43455547,
564185182,
U57880471,
A54115052,
X28127487,
D22045822,
X45172506,
950249461,
958422950,
105002622,
A80828848,
A61007860,
440418273,
812986208,
326050784,
970392193,
922562321,
G09470573,
162757763,
4304659,
C96271839,
535720585,
385869215,
V34543637,
355115392,
A63130654,
431971717,
P07126804,
K78726156,
698159115,
446688697,
589782128,
J26607496,
C56077749,
P23817639,
B91422492,
907523490,
L49821065,
380129191,
899494475,
875016938,
O42135892,
H96251170,
727402451,
916653079,
593519238,
V05922470,
439318944,
M05566847,
R85394587,
873069796,
952390366,
F59834913,
L46402964,
200618665,
418227762,
25130495,
617519174,
Y51105713,
E68082535,
819578218,
P99408859,
W84366850,
468420957,
596330448,
125551296,
Z14985566,
524857251,
E40988518,
N63871979,
219350767,
287890570,
426362806,
B66553394,
S27650390,
X02803816,
X67267973,
211545401,
C76112130,
574097075,
E97360182,
868992194,
569078643,
R99817516,
S67688029,
R26954092,
337028921,
V73085855,
340848712,
547765869,
628340798,
910434571,
M59805600,
933152428,
Q77978569,
S03383647,
119460362,
X83188187,
14757118,
73732431,
Q90529744,
Y07525743,
445216522,
275122888,
M11368298,
567662651,
11863278,
G42099507,
O21826350,
P87699953,
302232764,
518062273,
70841429,
E43862092,
E67851751,
S47512991,
S99714699,
U74561339,
749250914,
837049069,
H22443092,
Y52699776,
871754001,
352334153,
662471905,
829446664,
573758655,
930990770,
39915223,
S22711525,
B79701744,
H53211399,
S69844350,
O39879342,
C87276550,
B44058387,
584386543,
C06154538,
W61269588,
B43286823,
T62870726,
C57313862,
L33960524,
C69693909,
733198993,
965497665,
J43108715,
355485626,
478415059,
902102106,
I30462155,
537004924,
664989638,
I10875652,
891293109,
F63567542,
P66383993,
F71073055,
Z75527768,
A92537982,
667582999,
Y56474109,
383425709,
466159520,
303431685,
W17256038,
I85564509,
983460523,
569460599,
547001515,
F06005596,
Q58518277,
528450892,
S83823451,
L18653473,
B75982329,
L25185246,
S14793346,
P46700498,
E62681888,
T79085540,
N66354496,
Q49872421,
G08799201,
E31089707,
156547475,
943692678,
915805933,
N55470661,
608079706,
385413319,
Z81269612,
K79696791,
247695446,
573911966,
92562242,
M44560531,
F58233266,
T18526775,
L77582949,
462089969,
R58677319,
153447443,
376378532,
B67496400,
280504125,
W55225780,
767046740,
116065291,
488205902,
Z26518783,
Q22696057,
835662471,
250129404,
H55172561,
W33759513,
Y50621467,
H41397865,
886226666,
I40656375,
497196208,
A61245359,
X58470543,
83752295,
307177961,
V18815370,
O02458822,
398129210,
359524810,
11594723,
619588411,
626208905,
U33580793,
806450196,
226657553,
260583895,
226127886,
S81615648,
325473466,
897560213,
589255239,
952887320,
73040375,
G18077713,
I70360972,
83263268,
H80968166,
10814425,
415247625,
366151601,
449593675,
423189401,
F04004868,
901275468,
B11790036,
E35132611,
536792416,
Q55539435,
X26427069,
U89558347,
I91260920,
650303779,
619739579,
D49476815,
Z65418789,
605891755,
H06797237,
515878603,
820768986,
751903318,
C38320960,
783512221,
594232036,
244447537,
F33308996,
538594512,
675133150,
X35432809,
P10487809,
36019332,
R52264311,
B08075350,
F44219757,
Z82458843,
873298481,
B44156294,
J82815484,
529818851,
M36434223,
942444880,
477929126,
457402204,
N36272355,
F01531995,
532874226,
965327988,
I46374366,
741768388,
610378824,
W53239413,
770675321,
884540479,
U29298694,
V06008153,
317905253,
840728586,
O04799738,
C96019884,
Q36338375,
684720059,
W37812542,
879637113,
A64088867,
H09016994,
O85741993,
T11972122,
Y36952488,
814562920,
801717353,
527205998,
N99080008,
642035818,
994618210,
K40254810,
A74686767,
329224942,
N54974432,
346454220,
B40770586,
487390056,
M72534529,
87138413,
Q31996496,
K74130830,
J65223853,
R00206749,
W61188544,
950191486,
O53210381,
374334788,
68800223,
200961165,
625723605,
O25278656,
M73046897,
202206606,
712858863,
K39086336,
904739846,
W29841930,
807547184,
D14576909,
410892082,
E51482177,
748862004,
S51603989,
Y95827937,
R81314054,
888345330,
279487800,
R99129371,
299346001,
P05133277,
346471863,
421157304,
F67965216,
R38247420,
379664636,
R53152770,
352093982,
K91315112,
P93900735,
P16295024,
J26465720,
112833559,
312506857,
N39152884,
526107698,
218135595,
U97200492,
L11375152,
640783385,
W72861807,
89595926,
167653572,
935312626,
O62736486,
I19223728,
D41930762,
J11081438,
F10809281,
U30818218,
U89918007,
565811156,
P13542071,
225171059,
137877881,
759276605,
285144059,
S27328091,
220354534,
K38154555,
69273192,
989062713,
B26521546,
G98553353,
N31586452,
M08350513,
921980807,
D65722642,
X05277361,
848520578,
656933158,
A41664957,
129399238,
589258602,
F57047957,
655834052,
396953742,
F27051059,
K00182692,
965567527,
V07166239,
702778160,
22778565,
S50409601,
951288529,
U99721037,
290349954,
746406985,
C68433440,
C70499903,
116906200,
319664163,
212568415,
450060650,
E15690796,
E56692168,
I76933297,
274935161,
947779057,
850655136,
835007915,
W51258449,
73409823,
843571630,
L23076305,
764570500,
N84094819,
G06355493,
Q94885306,
K51536071,
564788321,
38185224,
941594351,
J38264790,
569689045,
J76634652,
U25885225,
O21032208,
T65430110,
N38810174,
C66400507,
E36199067,
492668626,
Z30325051,
B97451902,
X26050636,
N97877472,
N07832701,
V62568396,
2359074,
G55459707,
240187594,
Z86032895,
625491180,
P66644584,
756948943,
806148830,
362497441,
970488384,
42873052,
853926858,
N36939805,
I47727684,
821267621,
134390787,
K34414465,
330075998,
V15650260,
18835955,
B57858042,
L57640749,
M92855624,
99956266,
L88295781,
289089776,
981238953,
A74403617,
176353725,
F94293636,
K75767432,
656031704,
I86940795,
X99637278,
797037429,
Z82231193,
54240472,
608874159,
A95340550,
V40080147,
H89424185,
962277042,
Y82145058,
539629714,
O86658984,
D00447205,
212923558,
712934068,
I03046763,
N01963547,
745038416,
K99370937,
T36889313,
X37515611,
756974876,
623932464,
887762881,
85798127,
244980528,
769089986,
L08988590,
569588912,
Y93887130,
P64901557,
L47142843,
111453066,
299625981,
L45573152,
528400781,
299879019,
U84406187,
665030552,
478506231,
L56866570,
U04964377,
D94033751,
K24263417,
B47218891,
395876589,
H79614453,
848252784,
203873071,
999847540,
70831689,
821651405,
995327568,
O14083574,
696491836,
527478638,
244500990,
K52062911,
X63525669,
P33640420,
G77184054,
373188638,
W71597094,
965203516,
M43528623,
G80628549,
676975466,
T46825521,
423531029,
462848433,
355212809,
B95410721,
W29210541,
B41327353,
W18493415,
V10526540,
Y73493884,
302669199,
K96452035,
G32209474,
Q36679761,
Q25907086,
L10196694,
634769853,
239809920,
W38437756,
632384380,
F94045671,
C45673228,
730011349,
R72423208,
M04566961,
F20269728,
V09017880,
U86067705,
Z68278416,
M23319820,
I97256415,
Q05981296,
Z71656068,
251359613,
758775114,
594175586,
713261208,
D88874666,
M07882653,
B85096428,
423961580,
519282976,
W41110331,
P58439661,
795610438,
941885214,
R02258341,
187652901,
H80903256,
627450315,
690072719,
496668777,
441457900,
932457615,
171568145,
T61563197,
R25758223,
C53024630,
32996215,
505367083,
456109922,
N21144519,
651344781,
U37132768,
F88998462,
275737634,
N60923893,
M50895707,
B01044531,
W90819730,
G90782075,
Z97075465,
C02730027,
428435014,
674133664,
A89402589,
608556104,
377016940,
F45774293,
550724561,
270224933,
843193075,
I07401780,
H99644314,
O63662661,
J43558779,
103864180,
533070782,
918996873,
D31277977,
953995945,
E97847263,
685426594,
S00760151,
I36108689,
450835828,
477232296,
C71591235,
71487193,
541901268,
D65746807,
216658730,
376841865,
917688149,
K79103855,
O75338663,
L12798215,
617887441,
342743040,
F96690556,
O53873933,
422117782,
O97055184,
973079945,
I02890313,
549638767,
431621321,
978221149,
G75681281,
D16500002,
210764271,
204571295,
898482312,
594484715,
689232895,
681550704,
286373155,
340230438,
456000374,
718088576,
E72602633,
Y90616181,
E88564530,
923333508,
153436565,
C77307648,
574419090,
N08460281,
D93214735,
T54831579,
390913718,
908660613,
H94444445,
444134765,
X79235249,
897806108,
217779205,
734515272,
Z38365744,
V23294002,
100731369,
967001607,
M99554550,
D51350402,
F38427903,
T12789865,
26704688,
T71519757,
T52471179,
P82238417,
Z28047328,
H81321427,
J38251422,
553220068,
A94728504,
A58860771,
584972210,
951932356,
V84062427,
Q52704059,
Q97798762,
W05875249,
139537191,
L98132203,
L40586166,
264130843,
271640036,
Q11534781,
888482378,
821360711,
Q16642775,
920823191,
E74240708,
503915043,
364910238,
551121307,
R05179598,
850826729,
949155858,
K92288140,
G39146800,
443247700,
I95957035,
533626756,
926690776,
M62490206,
666324597,
66591429,
458471927,
191216920,
974419483,
49287514,
N94163843,
602827398,
733163913,
438489892,
513301009,
2622202,
M94193300,
420529338,
541534353,
U62352040,
R72955232,
M33188819,
40265682,
26631417,
862431208,
W69207700,
809517852,
112305922,
J96208308,
445702799,
G41003480,
V76969405,
S93697085,
866443484,
704717604,
N51363324,
F74238919,
302872675,
F93161225,
Z33590756,
U84488789,
O57405511,
809080215,
783109196,
O48196572,
81760609,
J07136717,
W25693808,
J07722948,
C12025494,
539585023,
Q77206041,
R84368580,
T20500556,
F51054280,
P16955432,
W55038522,
120449167,
158870729,
776380897,
893616400,
165152619,
518339026,
950852432,
X76444564,
572642603,
240882513,
H21297268,
807280324,
E31007485,
314170962,
432200820,
E65981068,
S05811681,
V86616802,
264063342,
A70699118,
31605763,
864921233,
H38204453,
502509696,
405959601,
494691901,
744010706,
A00590135,
U62946213,
W79743573,
J25891795,
584625703,
D86771142,
V28983895,
F41935668,
C74733326,
789066612,
M31745692,
G23864511,
285249186,
C90081015,
804445307,
T65608183,
F89356385,
I07638255,
T40089584,
C04412943,
N56019022,
Z59958014,
218568413,
406969816,
162321629,
O76967975,
S68412557,
T13983549,
A26040217,
U62929097,
V11688586,
Q32033778,
C85747588,
205815,
459794008,
817472755,
S48124771,
775556716,
65816863,
188203321,
E65708180,
R02610197,
133770327,
930597505,
X15054871,
608402223,
256867209,
224282633,
V62387327,
81323476,
R15965167,
G12631178,
T67258209,
248266849,
919420457,
Z93385273,
W60171706,
417208857,
158887227,
E76140762,
J99759749,
V87872639,
884043949,
F76017451,
928555245,
F80361104,
787072093,
6984735,
881545702,
939047561,
P88840790,
593188037,
731704151,
409698481,
I74549842,
715308476,
453571658,
407224498,
S95101908,
T06391413,
K36163667,
230954591,
851095001,
L01498483,
K59697081,
Q97264300,
540325349,
L61732006,
M95132294,
139326713,
392085089,
V75057364,
C44964690,
N70960296,
D15485400,
350429984,
630796048,
289738111,
B03302585,
694526825,
Z29241557,
592884001,
Z02513537,
W97862386,
B20099359,
W64379966,
H62239874,
Q80092145,
S55098115,
260680977,
X46654899,
G27995915,
344054731,
321370693,
P01231817,
609991437,
545988142,
C23223896,
Q18046032,
305274497,
821539325,
509702011,
770231874,
T52942149,
598417284,
G49368910,
N71649205,
189139192,
X23657485,
K75033627,
998113165,
M89042977,
453249772,
690716091,
776958704,
90230466,
Q00775157,
I78673474,
813487968,
601282735,
18958637,
681677192,
X30243345,
C50152066,
727362468,
Y57556285,
493333132,
V08795721,
L94171162,
P92089641,
X34453242,
603905212,
F89214485,
437508565,
G71914116,
V31171528,
C35931730,
211386766,
I71089128,
A83835809,
B09141423,
R42266451,
X32022206,
908891566,
J92971382,
23186816,
B54349253,
L35080091,
G08216253,
C15391478,
536592288,
455652302,
D26252543,
L75348855,
550919409,
O40288907,
F82616756,
J51847676,
W41974330,
805323736,
O53115190,
389819555,
876169172,
L35143155,
438584741,
231408105,
E33262734,
395797065,
471107681,
18439230,
R21532303,
X14438429,
F62489672,
180254813,
Q37959954,
I62687795,
867109866,
C40931119,
U34187163,
932828397,
D00920568,
586535081,
460620921,
300174538,
N60447922,
P62325801,
T87615833,
K70331445,
I67768298,
15934750,
450977434,
X23958696,
341533031,
826084530,
J98817732,
R15673535,
C70490165,
578971314,
184149314,
424503022,
154073580,
209020124,
R10773548,
667634685,
J99205656,
453191687,
636700309,
914496808,
C51303416,
656393816,
R02054699,
373364340,
K71901672,
U99403323,
E29732419,
N64757551,
470778806,
W43461109,
357228529,
D43280064,
361909457,
168447300,
G09595735,
759308273,
888250583,
303746629,
236780923,
S01723760,
205489870,
Q43064444,
207675122,
959329749,
572352988,
H54711251,
C63102374,
523120357,
352857828,
907905174,
F42167813,
H89317619,
Y31660935,
716630925,
J60045128,
269015858,
568945815,
529336611,
G42679799,
172097431,
786834626,
866938226,
R92437325,
273038424,
Z43487544,
C11898494,
A70979642,
638125425,
J70524370,
97700172,
V67422678,
849539079,
Q89851356,
915567297,
M77696459,
425726852,
711338319,
T27086302,
P34768792,
262974188,
380100209,
R28769350,
261229331,
P29356025,
X20105875,
K15876303,
K83636648,
992283239,
E61776234,
E99518287,
644536558,
U41263737,
472394806,
N56505013,
17823747,
X14877727,
Z33899004,
U72731399,
764761546,
962210335,
G57865835,
R97726638,
P78201291,
G33760442,
428333884,
722860998,
N71300371,
X58383169,
555739714,
Z21359378,
16489718,
458296954,
A99998313,
68244323,
550040643,
274200727,
193712988,
618783396,
915326131,
845028568,
P00643774,
J55183834,
433683734,
X42246027,
P30619118,
U56727037,
311528310,
Q62270395,
R29080935,
F59788792,
764202563,
30661596,
126722170,
116722249,
M91044706,
B64025778,
1644418,
N59305374,
U78612618,
845500562,
978102891,
Y84235200,
T23592786,
D13027738,
296129687,
W56817605,
241142086,
364844822,
T94328493,
302641442,
L06107337,
M17419284,
K50570082,
546163980,
315224255,
940869558,
J23629419,
M92614726,
821294228,
H83935029,
885110035,
76008189,
B90126581,
560060785,
T83460274,
51375131,
U07678426,
683871988,
959245458,
M42230987,
397886753,
197778949,
P89717045,
D37366302,
872842357,
T43025413,
975964769,
679124917,
51546489,
N14967831,
298664932,
670530008,
N40413559,
376249424,
O66646630,
F02733691,
N12515354,
149853958,
762810557,
B65235201,
N36839285,
M44515438,
415449971,
199067046,
H83123891,
744122690,
B59425742,
B78072065,
H74018549,
B42702249,
Z87180194,
830987797,
M85871524,
418033295,
764469068,
966125626,
Z66524472,
691693660,
W60558389,
L08542415,
280256715,
F66584557,
81485380,
T33450170,
A82244470,
36517048,
784909819,
767392540,
489904721,
609287406,
Z40182175,
391334884,
S28989611,
852210708,
871322391,
978394222,
H05742479,
L40399182,
277878174,
224579780,
48458505,
I83089291,
251628228,
698756891,
R50651440,
I86249547,
723728492,
H25073888,
363155552,
803599323,
185893588,
P05783450,
988853687,
872367139,
M35620746,
525809609,
E72592560,
S98710792,
490629491,
O17384312,
85410377,
A68712417,
B54986161,
Q28015225,
202315836,
K03916318,
372601755,
797930578,
548264904,
F57055713,
982304980,
D95984394,
49574685,
359942482,
T91721493,
490840028,
426348792,
N92001414,
X25494989,
534458844,
47756909,
C86567206,
G07072627,
431297810,
Q19083141,
P32468660,
437924384,
L87455468,
K52410924,
L39638755,
T03817505,
709903719,
555314377,
D90853114,
969326581,
U92159331,
452150375,
992880619,
306870335,
271836092,
G47740066,
M52860357,
570657925,
808162719,
266448571,
X09986496,
K35719490,
L11197015,
106933115,
876779781,
M03391938,
669978429,
834457993,
N39840108,
R29795753,
153036613,
597518552,
183646307,
67020510,
450383025,
P95422482,
985923395,
U97057801,
W11586943,
X22898771,
726957933,
373707820,
759326495,
V95140023,
M40205983,
W27997214,
X30070452,
693920141,
S92243908,
264660259,
744027506,
624718969,
624446690,
448476219,
918000956,
708348732,
738689748,
L71747595,
N12722347,
L77609702,
128153710,
W59175416,
J33391700,
U34784559,
549186042,
L21015580,
T80642687,
K10410542,
454070575,
I34498267,
252125368,
860132618,
479026868,
152103002,
626523756,
P79646932,
122461997,
Q96156065,
37022787,
L25920071,
A81431624,
638584042,
721854270,
238281628,
L16641731,
S43385492,
B68770761,
W62357521,
357936880,
536142563,
E90181135,
C84785233,
966701905,
R12772135,
657008784,
482319757,
291367062,
C70203735,
E45529573,
427493544,
437542365,
F56014229,
336834660,
31414523,
K73799174,
78175002,
X18982859,
657630212,
D69731812,
278008054,
61012035,
499515973,
70116522,
Y17011833,
770445840,
V55732683,
272114015,
D32029309,
K05470173,
419018640,
G65982539,
Y87780333,
489586978,
15927482,
A54524774,
C35621440,
322448916,
119285944,
474783536,
587307038,
C73023620,
455930669,
V47450871,
369297520,
Z71361714,
I24691303,
195591999,
B94810033,
R89471651,
155091346,
A65365573,
424845116,
424394549,
556892570,
869402605,
I66805875,
630203026,
174757145,
248332623,
H61249842,
R42058318,
C25861568,
589967448,
Q98596344,
D46573980,
Q10041005,
645214252,
122469186,
R87723798,
400521791,
721301789,
341437336,
796039906,
764045936,
V09158633,
155060731,
911402056,
627672301,
E48773376,
B47213471,
219760751,
81841743,
825824763,
331710568,
Y88368892,
U14575559,
M26325023,
L65711696,
719985269,
B10985296,
J52998124,
E56671563,
634601630,
K34502187,
58077856,
502323868,
448284795,
371124111,
859655021,
733301788,
Q20755291,
A63099193,
X67364432,
R74123661,
731006193,
38169938,
U08323889,
114482558,
255058169,
950094129,
857370882,
28177882,
697583477,
817969318,
983062757,
V33849045,
Q27049769,
334035307,
U82594266,
P73352345,
E69761827,
F30393051,
289552259,
223162763,
204588984,
F62459923,
313734620,
E29899115,
Z66633004,
971279921,
U08528695,
284378229,
860144971,
C76372554,
T27582890,
Y12972123,
120876841,
M13788050,
405327660,
253882447,
W13145813,
950671797,
207367822,
443311122,
826692557,
243069593,
685416964,
678605079,
L32977429,
A22126910,
746380462,
O24914409,
342772930,
779488545,
923278606,
A38629383,
N39175541,
V91398008,
I79446838,
131194427,
6424625,
678152399,
J17243752,
Z89148599,
Z40287465,
H37426650,
X38377908,
194973246,
L99419642,
988475603,
758992260,
612964601,
350956489,
S63925631,
S52207514,
894439789,
Q85897607,
798761064,
X55841222,
D22206433,
F31464927,
Y43411343,
A56236721,
I98368067,
153227389,
841252988,
R37370809,
851052274,
650690733,
572883027,
M25285919,
976232837,
749037558,
Q19238520,
W52716872,
115347172,
438015435,
432514088,
X33314399,
852598969,
F74423734,
880015867,
U75514984,
208037252,
P20202006,
692127099,
833188320,
Q40618419,
224430200,
772888489,
J14606742,
294201894,
N60977061,
166664735,
554962305,
526081711,
G06117286,
K58110642,
I00403218,
O13165231,
500665066,
D82067871,
221181934,
809692887,
R16692854,
478164198,
639409446,
L94297101,
T75587473,
P60107233,
329097438,
148954044,
508941671,
39377505,
907330729,
Q29131669,
737116763,
874393915,
K24668111,
389586455,
557202406,
260228153,
I22216022,
265657754,
W16711057,
763136324,
679975437,
O74587322,
198077373,
D93421634,
97284901,
25343337,
922721970,
G77322065,
D35131951,
D58792609,
455874743,
A06452976,
936176965,
S52786138,
54258823,
369554458,
38059023,
448659692,
684397214,
996585427,
A00485224,
547051839,
563897901,
649372510,
J80256314,
858394183,
21244660,
785782466,
M32158325,
764899327,
25477130,
M26586426,
13099445,
K71540256,
434144352,
150567197,
696241560,
M55748570,
998659224,
C10213680,
417165814,
R11547902,
787088741,
Z38871140,
693990332,
E32569698,
A44753762,
77182163,
F45554438,
S82125162,
414726842,
S65501834,
P88324899,
D10055997,
J68944535,
449680142,
U67206625,
B31795406,
688295218,
P77722812,
610711786,
271049544,
388777171,
N50180158,
825486934,
K90412216,
133123135,
P91356575,
652916506,
V25771781,
54765824,
I09818163,
B50815962,
971176729,
122091301,
329569899,
E82980622,
865103827,
M34837528,
678360138,
C21726505,
236064510,
Y65707180,
R88324214,
V73459565,
809612446,
X64651762,
L27334583,
U27710741,
373762649,
249467268,
J37749761,
953942773,
M45529808,
405599502,
190124713,
X11731908,
L23995968,
N75831256,
110823208,
G60439769,
165450099,
J89507462,
Q45289847,
W20438939,
973159772,
X19742070,
662215026,
543343553,
156717059,
50169038,
J39156649,
597011438,
E23814095,
162750887,
768526881,
R89927861,
X87475967,
180722368,
634020955,
766837813,
F51611866,
T81434149,
D63655725,
M10589324,
A31216278,
A45369396,
500669494,
C87286469,
S38802543,
L17730341,
E51374338,
84431501,
I09039328,
M63358984,
K17811554,
824961897,
P79806564,
231376011,
U57962122,
X98965492,
L90635482,
Z96059104,
618633849,
525275397,
336515086,
367214146,
G36167403,
892637659,
25556415,
O47020515,
762116789,
M94074543,
W01317111,
U90188367,
699188117,
343429034,
86720527,
857774809,
371773601,
300676549,
401365758,
D00013139,
323886682,
251058718,
L20736768,
Q23229266,
326844752,
L93680942,
861151181,
656335520,
A95217569,
183291598,
243348935,
Y89093194,
H47426842,
K53095891,
B73828333,
U69111382,
403031421,
643889557,
I03661283,
P06025353,
669238926,
62162011,
347457990,
971239290,
S12369652,
H81421885,
329616661,
547683823,
B38867334,
739953057,
827929757,
526588489,
V86639492,
R73238470,
S03067963,
80656713,
493644920,
850558605,
60627049,
150576308,
G64024640,
M67467182,
N34700268,
P13145550,
838171478,
472620768,
576557460,
L02833042,
D22354331,
A22650160,
886424786,
832131824,
779162001,
864505536,
129143317,
544108479,
377290012,
U79571331,
G86882818,
U98976809,
888999935,
J52809105,
161964061,
D20583666,
A21294309,
973013330,
B33695840,
778520162,
129308877,
433694437,
R71474223,
877943921,
992991295,
F60013838,
389905749,
X48421999,
117320697,
D45739633,
Y99223591,
775929533,
170921215,
839243948,
M43988737,
384382551,
109164006,
E16467461,
Z20587558,
U47869942,
271179701,
D75035985,
C63375325,
S29952464,
X75861681,
674702613,
R23320079,
I89577709,
969062847,
481317485,
T13728517,
658945313,
W17321905,
J97625318,
Q83162664,
212119837,
N00745833,
386562448,
931564981,
V95182029,
302410413,
759658237,
115805227,
566661223,
170143302,
924753861,
N54907765,
P45125338,
230713523,
H89214008,
557672497,
W89132986,
Q86400197,
664002211,
140830097,
P15394541,
936861489,
680923055,
O20979307,
H55949936,
W14628872,
63684384,
C11533702,
Z19358568,
48795274,
148807166,
616562745,
661735746,
L15923007,
L66337213,
V52376608,
737284412,
757947861,
U34270927,
566665400,
405370792,
M14540044,
367189879,
283659136,
P79616919,
C33584544,
560366836,
837700480,
R80953778,
I49142290,
E02998141,
322865215,
589246081,
894247911,
143133373,
919756260,
92287258,
16418796,
C24213239,
399337223,
I06221998,
G84973428,
D98442345,
828875388,
M75340305,
298154902,
819650233,
285712009,
335513898,
T84013665,
F89777479,
828406124,
249625179,
984736170,
F50511313,
V16480875,
P65211858,
781637480,
W41169316,
201138711,
294124594,
Y03296443,
206714879,
637690339,
Q49731395,
S31896374,
M22288292,
D32410224,
Z77571900,
251025053,
705982204,
M53774758,
L20891013,
894594505,
716057217,
137735176,
U31985384,
A00843943,
674612071,
640331261,
207469881,
267226283,
Y90824420,
919166034,
804949655,
497297023,
80970215,
612822928,
226554608,
374468497,
666923501,
162578259,
375072732,
T87535768,
435799114,
251259873,
744125397,
R19805450,
A47366756,
426400930,
J39339328,
Z86659829,
289264267,
902208460,
A25525275,
V43006630,
Z38960572,
G48398714,
126516933,
989379790,
400625222,
947224054,
W62880103,
P97233425,
21863761,
500578852,
235783560,
893346354,
X46894284,
944750430,
K66711266,
K89000166,
H37166106,
W45799461,
S78093159,
756378343,
J89879511,
D96824688,
680872153,
Z26289650,
782623257,
O22122708,
704264454,
759576112,
363580949,
635904883,
W04405106,
S08899644,
590838778,
229367516,
406410660,
R93405012,
758919636,
890424061,
209339177,
626364484,
55989748,
716274318,
935169727,
173396655,
T64902070,
O06295626,
X23287459,
H59781039,
275994460,
F45217247,
368381647,
A01141590,
F46157572,
665269812,
889543875,
T18909310,
824083675,
H90874224,
605250991,
P64004178,
U71945633,
794198171,
116643874,
433444299,
930156297,
A14777090,
532876098,
F28943748,
S18034163,
771861061,
93109150,
S52870279,
V96124832,
57394110,
Z13395055,
391167260,
482891702,
797442953,
T88795804,
873410486,
M42368408,
999446614,
439755479,
C47737588,
O50151281,
E81643663,
843784005,
195935821,
F39206686,
A94788911,
A64974505,
S43411023,
438822040,
P69128914,
O80973233,
518395043,
849798443,
N86175823,
467342320,
A55106529,
709332606,
953642851,
39431862,
Y02437851,
43382282,
E08292097,
D77663037,
S37574295,
L89140741,
535997797,
303225052,
502090369,
34326897,
166388445,
826487679,
942325644,
F03786625,
X63319372,
Z94971583,
966495572,
94785858,
561115649,
I65223307,
I56503333,
E39069102,
O46172722,
834186742,
I00352486,
A44472009,
933950739,
271257573,
S66229362,
560111041,
592835626,
728752165,
B01617729,
39201078,
O12800648,
P25832598,
421797700,
334778369,
498334670,
P56603990,
615097692,
814810755,
H48255224,
U53537114,
296351754,
309716757,
O82872616,
Q62111755,
2362616,
N52132561,
T60033609,
511064055,
355114874,
155979136,
R43904087,
377904470,
582087896,
E12360010,
472483100,
K04460405,
754889898,
Z61443663,
K09649656,
R43377988,
F67537338,
Z89958148,
147868553,
T78854851,
193719730,
430821621,
Y27766663,
H83017320,
V82076924,
558014194,
854595271,
931706258,
831378328,
541655111,
13179859,
23009428,
R38424029,
117985428,
626287505,
L83806973,
587613377,
425839862,
R36565812,
V88874289,
B64132347,
S76481500,
K66199646,
737303061,
817379575,
L91061318,
V23675908,
S85326247,
C53472808,
G58571394,
K24436568,
657098174,
693789114,
H72293765,
89979358,
T74609675,
T10880032,
493809264,
139007857,
821599817,
776991539,
F91241602,
388235084,
694779403,
995939898,
N64468353,
T88528734,
X94758986,
G10354310,
F78831860,
L77407157,
578799774,
525971025,
V50778542,
K04416895,
K54489719,
312926390,
8631015,
G33940614,
S37830827,
C93465648,
533826464,
40033405,
792282562,
N29285231,
D30665248,
O15049623,
D99188302,
244105829,
523009298,
795508378,
960002291,
J39298582,
C17185284,
614743003,
X83093165,
T29298838,
V30180291,
580932289,
L57042384,
911650666,
658245474,
J75736083,
366733552,
C26230888,
Z38499560,
T58913932,
Y54340546,
Y18446467,
D79963808,
W57796369,
819196282,
T52899671,
A93080241,
N39017410,
C87290967,
296010134,
W73026602,
L36566686,
Q42226321,
300079070,
797644068,
314210911,
T97418675,
418112554,
362705035,
281707482,
Q59640557,
T21017969,
W49629590,
21953973,
563700787,
859234064,
V17338421,
988971346,
S14217420,
X78838466,
216813898,
979565676,
954941710,
P35901257,
C63933718,
V24249588,
378544306,
R00144852,
W28788602,
668790968,
K58122731,
R21497090,
Q19068404,
50754706,
965763797,
656481490,
174306956,
126828284,
971200544,
497071864,
Y40616766,
E07571298,
O04388444,
C11801552,
C53676130,
133820690,
L92774896,
261164437,
V78950277,
B08819981,
Z21392655,
F65148713,
V43893535,
880205552,
589088848,
677050703,
136782590,
952021602,
173055159,
376028723,
H36257676,
239741600,
H21795629,
L01817428,
542676726,
465684247,
X88639849,
T90012675,
K13847197,
789864949,
502510023,
632846262,
V03435870,
937406084,
963473996,
797031835,
B14254323,
L97920996,
341341198,
879222200,
630946141,
B44924457,
P21646088,
216805042,
D18216113,
J38424647,
L56914396,
595401156,
L23117699,
V63430251,
439456357,
407986760,
376717290,
587703232,
M62264329,
757588991,
854462807,
V71703648,
113028839,
771171130,
C28133469,
59629277,
I68288648,
866028835,
M89669359,
3794137,
X68373219,
P98200310,
U37027152,
508002729,
894608313,
493510242,
26785151,
Y20364443,
719781870,
29819164,
Y12881574,
G51057112,
495264576,
A05130688,
O37549176,
K42454537,
768277493,
277598281,
B98191053,
357808562,
556565975,
433923188,
808402531,
N96161834,
989569848,
583382500,
X14346179,
K18398977,
798091935,
296033378,
Q66481166,
R55762345,
245386265,
804817797,
R12943644,
371764315,
600926015,
H64877085,
L57455154,
R21787073,
845792112,
L79350405,
418000974,
513082423,
C19452741,
377491224,
282053412,
I17150499,
W92930329,
665962521,
36573636,
243765700,
K48313667,
B79815351,
O10141463,
O84772100,
I69961073,
L67993810,
162051663,
192415484,
Z14365606,
A79205735,
Z41185695,
S59854155,
A59359103,
580296858,
A76170474,
O16626050,
Z15561999,
113027245,
Y93083184,
I82659842,
897387790,
T06248949,
T11712772,
851724236,
W18107223,
S27122824,
930128200,
O07786124,
413343082,
154875067,
E89868203,
U13257474,
723957383,
816017694,
729164177,
293490662,
V59926432,
702287256,
392477743,
408258680,
N29560299,
539065413,
202008772,
A44832457,
999961896,
309899584,
B88083992,
62522238,
X99155978,
988386674,
W73968502,
651350883,
O11155013,
T29475817,
866018494,
42156076,
S33658729,
658339857,
119932370,
L38232747,
119937389,
M94343524,
35906686,
I37653289,
378475256,
R78627821,
K88902801,
842981451,
188388858,
A47424036,
937782557,
I33171268,
629494864,
W48312799,
N70218035,
H50311218,
234963002,
X19099387,
V27445121,
417639222,
355951470,
A13655276,
K45068220,
G71746279,
593834038,
D08562452,
A54540405,
730016298,
619747169,
O66350612,
H78973166,
309996920,
I68036057,
686152822,
207480751,
934397895,
K98779505,
217613175,
U21362098,
22891320,
K31950641,
594891199,
483862809,
M78879537,
128125258,
121757444,
M99923321,
O91921420,
774732206,
I51015477,
T82513893,
294095703,
H64245241,
C93085015,
510365659,
L74702453,
174882363,
356345744,
V66650443,
U72828170,
205199478,
T63795328,
310968874,
59396690,
579855917,
T30638233,
359812719,
289809440,
R42939816,
966468022,
960855347,
858114516,
602471687,
N93459083,
V46391424,
53800561,
Q56506814,
D44029367,
773535810,
479565438,
51696648,
O06694757,
U65119576,
R17239693,
A54495452,
S50727931,
X10879719,
V98886330,
393300928,
980383315,
137716917,
X28187209,
538046201,
M20392669,
984647384,
986163413,
616523431,
300256792,
830820595,
12258317,
496643599,
U56422341,
J42567939,
X29261060,
967324514,
K42332315,
837743870,
O98510180,
354357345,
C97103930,
E86002934,
128362530,
135574240,
Z31385423,
B93658761,
C45131310,
188173859,
F54693354,
146227451,
C91897290,
U29022668,
Z05039617,
765766149,
F13118150,
909985213,
Q66201876,
782937345,
O34941083,
H33510113,
C57938914,
S76739994,
123016290,
421079592,
473764986,
Z71992904,
A86889669,
M98453574,
Z40081916,
682255739,
P50899123,
520864291,
189822168,
787811741,
N05119842,
88338089,
539545118,
12710060,
218029394,
K64521204,
580266930,
24934023,
Z84897609,
976577296,
106077565,
138865651,
P74866311,
712959328,
216670217,
868276451,
916972635,
Y15924538,
853406316,
47871674,
17189370,
517794675,
519544865,
354491218,
580907779,
G38147970,
B18186668,
605919725,
940317533,
475838762,
498819074,
N25741069,
W08732559,
H03529268,
E76387817,
342072305,
86449413,
681957814,
J75297640,
G82207056,
329065243,
T06382021,
Y84577274,
451172520,
265421536,
D24918050,
X21399200,
B42038516,
110443504,
A20437740,
766498710,
D23588185,
539189962,
405862177,
183633389,
E23063191,
D97366482,
496236189,
932667689,
747869875,
973779181,
190184971,
422087527,
715366169,
342623575,
153545729,
88586411,
608421688,
308506305,
199885128,
M12178784,
315504180,
437236298,
732316400,
O14883692,
152198701,
444978676,
Y76142707,
928090686,
R89658934,
W19268687,
881996817,
517581307,
644399059,
U64746729,
E42231096,
836855079,
302770198,
H65199555,
359927924,
E07254663,
876172281,
26075528,
815951741,
I58114615,
923623034,
812599429,
I27571564,
J11903943,
G29770057,
U55521958,
781259268,
H62543237,
970295676,
R15179411,
Z48929710,
R27765965,
J39123932,
X36014494,
800521282,
O98506913,
Y90708722,
T08121163,
E78298476,
155905990,
T41797655,
863146854,
622943976,
R63672891,
M22940948,
39903410,
608895048,
G71616234,
981680287,
S61942765,
550090903,
448527785,
V18159632,
81707277,
298377256,
U68436299,
772234855,
K94557404,
811092254,
939428390,
595472895,
P82455085,
57016654,
Z79400459,
133350461,
417413286,
911468497,
186714202,
442504891,
A97621505,
469348943,
M18768013,
174732187,
73746761,
758847499,
854975742,
A45181619,
D00048092,
N80039753,
91570399,
X31535674,
X17444704,
S36468870,
Q96480108,
D48790298,
791142125,
242059427,
527408500,
N64998662,
F84973785,
439091947,
U35349539,
O57105437,
B54624059,
371442078,
631829264,
N86452839,
Y03231690,
G73003097,
R09310869,
V80148242,
473475296,
585391990,
558367850,
M15561760,
L86799943,
98523859,
W83758424,
194689110,
L61514609,
81069138,
1162204,
886185643,
343862410,
999656426,
613641551,
55366663,
473502166,
148573611,
U57608992,
O10150072,
O75828307,
84169699,
G05521361,
622573750,
74078579,
746197703,
311504539,
695676074,
335948807,
362450385,
P20730967,
815277848,
519253733,
D05840956,
701086460,
Z22284509,
598845455,
F36702998,
212922973,
270450512,
H19875813,
971750902,
K46134849,
649710087,
O06140876,
W66882875,
K20684589,
350167426,
440902096,
636718311,
307130138,
105785600,
I69799573,
V36006167,
116599804,
893543052,
652805331,
Q19361154,
Z34890736,
E12739894,
940328079,
640581875,
102628356,
S58393716,
912701626,
J16329967,
B03293423,
845849384,
C06022490,
45027968,
534212928,
562264240,
652087540,
L54754211,
S90955599,
U24014671,
442333430,
Y52728310,
X07547479,
438532983,
843247308,
X40590180,
289486711,
F47201679,
A24552519,
G61646189,
883571598,
Y68053884,
Y05844979,
Z79258706,
E51666206,
894490661,
G98130927,
685226407,
C09460180,
129930967,
928257861,
W83846922,
775489122,
Y11846858,
E92060185,
S24563200,
D65463963,
D95783719,
D94455893,
N68909931,
Z55368567,
R23747227,
D07982140,
F67595149,
498432520,
K81416609,
U67088221,
X23444423,
L87178692,
X63285344,
693322525,
M25268535,
R75117297,
O53940888,
I00579371,
855300510,
604733218,
N18046352,
L84283584,
363927783,
C21192103,
R00089133,
995954001,
I65517868,
719011523,
E55377387,
R53681578,
956269663,
V51562492,
134060179,
S37183089,
P34586628,
Q18323007,
342188297,
Y91293409,
X59252189,
Y01145529,
L61892026,
Y71050659,
561342560,
I58905055,
205904733,
S03681624,
710351061,
331534019,
N69441411,
W77680076,
719833148,
525831321,
V98678989,
538139333,
944085880,
O44961281,
597654595,
839534671,
R97234907,
427721546,
157392352,
A83608264,
P00976444,
282895798,
G72025685,
X92189731,
A91985432,
182865033,
994161646,
955884970,
341964406,
424885890,
T01996519,
J19387451,
528621819,
U10480905,
788731381,
P26575683,
879210550,
V28810074,
79197795,
B16158095,
895779791,
353867689,
654598265,
Q93166471,
F30789568,
L13185163,
960523171,
508530557,
I50073754,
T39828464,
V40519412,
574232827,
630424402,
648394223,
894957709,
810921760,
844559648,
35805332,
68793192,
C65170058,
278064252,
C81163287,
F18091901,
H24906141,
739536812,
G92635368,
B92017530,
Q81666137,
D49481392,
293599076,
96556760,
61202471,
T67264352,
160204782,
A01096755,
354203313,
463723441,
J44830716,
133832129,
171029943,
X02216836,
232448338,
553425258,
P23044311,
593491929,
546888803,
193809202,
N43483850,
X46864487,
I51637491,
776247075,
Q68888781,
53600593,
Z77483213,
691492616,
452116846,
M64165710,
918693047,
F91898593,
714164096,
673716081,
R46300420,
R97219142,
E61526007,
P22116705,
575123919,
512586511,
174448044,
T42252332,
225925053,
429266715,
E85345871,
D32559928,
164716509,
S50143488,
511896830,
522021059,
232768967,
678119739,
N44115124,
451867864,
Q44052627,
92607599,
395639394,
L07947540,
L58792337,
902155184,
U00785519,
O67555933,
H88238345,
J30090585,
960952653,
640313402,
O43838141,
S65911358,
U84333794,
K24145918,
F45597044,
U74002171,
451007558,
357956242,
405092073,
C62058822,
T25347129,
E85262120,
C51965521,
39657945,
394126029,
162210144,
354383853,
111564885,
714636135,
F80184533,
741547617,
441360782,
128547283,
F48268438,
235810975,
H23771133,
V03541083,
986973581,
186463875,
H43624650,
U01657255,
V23719222,
B05142083,
A29949589,
S19371094,
L88918804,
R19404815,
52163757,
V24110965,
G03897009,
363593736,
559686238,
898398860,
519055436,
290731784,
O61843062,
U81229442,
384099366,
J46529341,
53224297,
T07681678,
795796917,
L75330347,
I71942069,
S65918357,
A97480508,
G50531993,
851604117,
N68213268,
L77997506,
Q14795350,
570998771,
P47122915,
A00249746,
161488303,
F18880903,
581414264,
F84005486,
I18837936,
344334935,
362710676,
62883289,
W52985098,
818225879,
376506466,
145774620,
B21757567,
944173973,
Y92458532,
R08658286,
521793104,
836053929,
738003294,
P35712219,
479129384,
784638692,
113763508,
408816892,
Y52574533,
328519619,
W82315673,
B66178586,
X28596278,
B59755666,
343065236,
99913669,
M81482480,
281443829,
773674009,
E27659101,
150706777,
519142644,
286448858,
B18291166,
375058935,
C85999941,
517954397,
653098973,
793349563,
N26691459,
L21059397,
S49853981,
177791916,
449309921,
636699708,
435701825,
I45317436,
782855819,
65721686,
H21019115,
E90804859,
G77201038,
Z86093956,
L86107682,
V53423277,
A03412847,
907149663,
B54419463,
U30410000,
577801695,
307979288,
662982729,
899645703,
O45785142,
145666318,
D73570165,
206403062,
4381862,
676168887,
448430821,
477952472,
81322049,
55707011,
W70540068,
T06112905,
410059937,
208163846,
90104040,
C23144830,
83610109,
225980812,
X66217046,
926690002,
A09744935,
448851947,
G54456227,
M59698579,
529830511,
488866080,
X12147454,
437648733,
43086509,
J93362812,
U62030365,
Z35284157,
C42261717,
F02275911,
60231356,
S07677083,
822168803,
T60818420,
T33156149,
165376049,
R70746433,
514449655,
137059816,
587319943,
Z64756955,
474584829,
422675770,
852253698,
H74326216,
O35146646,
894046203,
G84438704,
880049344,
X23232773,
Z77962795,
H19447753,
Y87399339,
U03155817,
524170827,
820422566,
A24045022,
I65231814,
75284043,
R88321801,
W28227949,
933026431,
660152206,
563204586,
K91147438,
734420390,
B11959201,
921153026,
915765520,
O44472994,
687710420,
Z64474394,
B54476634,
64400561,
909599227,
P54393825,
R58660596,
D92644985,
825982014,
126142380,
925438666,
S80935546,
H96517414,
164519485,
323319734,
132083585,
480211137,
585664121,
16513904,
D84197054,
576635078,
D80723764,
994745507,
G87374014,
V39041986,
170788860,
S57628718,
O91066564,
659570239,
791990171,
V77225763,
694837376,
M35874996,
770273897,
113855806,
576702011,
324571666,
B01767586,
B15223983,
964680049,
I16029326,
411152791,
N41126663,
197577614,
776796220,
732263141,
C85711854,
459768935,
508410134,
D40256373,
534279787,
788417176,
996852644,
209574105,
999737086,
93250096,
327721783,
P70387270,
G50178413,
G03534688,
451707004,
185454239,
Q39111078,
S47151677,
K08509687,
379042725,
V53170326,
O45593744,
S34451846,
M83467134,
A45515316,
40653342,
W04439351,
Y82941122,
907591010,
22052404,
M66526268,
732582766,
158885457,
266838774,
T84166905,
666311532,
348295838,
L38217784,
Y75615048,
593668792,
E65180589,
724933333,
T58934868,
841993105,
E01530768,
Q79502856,
Q03136495,
38894370,
503100954,
X36178019,
781748143,
862157287,
695023065,
3137120,
T28003081,
57663275,
E67751677,
X41006031,
776742755,
L72419257,
W29237910,
W72877232,
W14875862,
W50934906,
971738311,
672310954,
M01513070,
348648467,
Y13643294,
V54731405,
509587225,
P58105476,
H26824308,
867601538,
C65156774,
694674219,
Z01950171,
Y11790636,
H49091391,
Z64707636,
J89506573,
505276870,
319397707,
293463957,
107817089,
B72701060,
I57188493,
B65290076,
100275718,
U10944876,
383021442,
A45241783,
709714539,
292871081,
O70176191,
298269159,
239394600,
I06660648,
494321159,
367139428,
482146060,
Q38481939,
752946349,
W46065450,
830678109,
Q10642068,
V36795833,
152829266,
R49702624,
C23230784,
U90937469,
541789888,
790816451,
372688426,
298103465,
F96608585,
128720180,
F60450257,
770267265,
M33464357,
384394173,
R02922455,
O21989884,
965340784,
F70735310,
K50768791,
T45016859,
X65269186,
U20990012,
B08118914,
198133089,
Z98873133,
459267486,
783980587,
W04782571,
M02892416,
65912996,
806177539,
409558434,
J70240852,
O11692485,
826738566,
765044127,
587775521,
782236555,
N53892630,
S22458664,
M13030866,
990004210,
R63237145,
429122259,
F41225993,
Q11468655,
J64684453,
D91722726,
H26308788,
Y03879613,
362398461,
369608828,
104771149,
G57486217,
749580847,
E28421804,
376460532,
T65458971,
426166094,
803406548,
P16141516,
520623411,
T50951470,
629918696,
623616248,
140672787,
H42217427,
651635507,
756147643,
225260028,
R62821099,
88988850,
647657877,
S91286880,
Z51804833,
947580451,
Z28845253,
P05680415,
I95909465,
240508609,
W13031205,
150189843,
S44517272,
893058370,
72295211,
27381087,
W49663398,
L07486659,
E94430278,
678737119,
I01423194,
449176938,
L05612205,
68615974,
696635813,
X38735866,
R27647305,
108558649,
92837314,
X23685717,
F03569997,
I87257508,
65030409,
A38925387,
Q89140887,
E85694419,
A30886607,
A25149617,
697949824,
982562081,
260607762,
476443001,
258549536,
821272450,
211954223,
534354770,
678265162,
I73104882,
H09393623,
831462481,
X46712766,
146071997,
205740048,
P19069451,
430616458,
194742039,
70626190,
E88322537,
714099860,
728333367,
L75757705,
305064237,
H20986659,
489525958,
C02470130,
635297101,
D22060729,
E20231302,
706809543,
O19142401,
A04325133,
563350501,
85220825,
Z84160504,
922016267,
287199671,
Q25134632,
Y23291618,
C49887351,
D46182680,
N07198733,
6656077,
287018688,
706736314,
881512766,
C36586644,
Z90419439,
784595427,
830544790,
E50335453,
979822123,
B63759086,
C15695617,
550735973,
70483972,
834663911,
M06237111,
534743764,
O33884519,
468534462,
213367534,
M48282196,
645507317,
840405142,
N22349988,
K61640568,
686187704,
498312298,
G70614219,
B77824010,
520521300,
B82444038,
F54035893,
S13147900,
X77373522,
761418607,
D44311259,
215092390,
114035751,
928318346,
866501987,
32682613,
542989772,
661765959,
G04515223,
E60135608,
S19388474,
520260634,
T99752916,
833207276,
A79624853,
W04541305,
I10423155,
T73745102,
958002316,
761579307,
B23309625,
J46595597,
Z74444472,
376922889,
471622089,
690025627,
U99768596,
951426799,
C21209062,
W00372955,
Q25973352,
T45208500,
T18503666,
M30091262,
411948068,
451881367,
M66669041,
38271542,
304880650,
315496209,
422689206,
J52775964,
B22969154,
O28816190,
788914318,
752470592,
I42923088,
R79852306,
171162946,
552419425,
M29920763,
955680149,
754447815,
E22080521,
B95428661,
J17263481,
P31716945,
J13490358,
M70815891,
542102116,
854744622,
Z81750984,
103158869,
507830432,
246158189,
W47291443,
216599951,
238787994,
D63073345,
340715243,
33794946,
E82022066,
A95880073,
K61669167,
829083516,
A10159643,
L85969620,
800484743,
326469930,
436724302,
L70056959,
518524439,
19345219,
O85773396,
Y47600395,
894315195,
860469632,
H17555257,
861308315,
323804886,
T56434348,
Y47208092,
S16153927,
H00072768,
R64693344,
862115473,
199847388,
313467621,
Z66499771,
D78343015,
471942952,
F39879093,
E78873935,
C92151357,
R88682178,
J76726488,
829317761,
K22779370,
U16802423,
Y69230510,
629776850,
575863551,
J80075577,
542267229,
224614201,
765597506,
927664827,
112905996,
I46909048,
956731573,
N25818680,
706604020,
365455027,
U50566528,
R87952337,
726740032,
I41593924,
716630221,
748567589,
P66537230,
928428385,
P92258486,
470848288,
103195645,
Y83207919,
M51209002,
534913997,
T28865074,
477466584,
26674588,
U76823017,
577034426,
E68346393,
O54083004,
670942574,
936442873,
E57432439,
G39689842,
323114895,
542833877,
D17332877,
P90206919,
285491315,
M16381370,
913872371,
308079119,
F96941623,
V04667274,
142922581,
W23332034,
G05017774,
907773166,
J84103907,
B72064543,
M21320084,
E68598625,
544982202,
G32469938,
V19492297,
274780274,
471335695,
36205018,
L76107395,
436317094,
H94969919,
N95881643,
620267509,
591044735,
Z53030873,
I28468531,
119276149,
C90163677,
384378455,
774525671,
274533210,
A76617415,
927178962,
V15638894,
E57409202,
A19981871,
590658070,
D31544557,
713819061,
G27819432,
K98369683,
X02968929,
I08699109,
691326969,
855607396,
L89899979,
722490959,
H12439905,
D50906343,
794741707,
373196303,
Y93683200,
318826790,
F68013836,
709567127,
V43054367,
T79468680,
V67052110,
K99586837,
J51478637,
92644058,
929806250,
410833718,
V27438965,
911445926,
K80703567,
B40269649,
437664977,
L38948535,
M79005900,
S12558267,
293070921,
955383196,
102754380,
710757702,
G88398263,
J60029545,
F04520640,
V62445710,
A80339112,
876570516,
T06883156,
40611596,
525234466,
960843979,
Y10211393,
421574587,
691291675,
H15851216,
558743308,
F88552381,
667416357,
X15019404,
451893541,
D79916479,
901726564,
76822269,
519367422,
A25738306,
R52852767,
E50001868,
760173368,
196134327,
309922890,
Z36196073,
113077016,
G32784617,
94806177,
X99469658,
110143589,
M08171826,
527479174,
708845909,
48598560,
444588303,
20810311,
E01179930,
109849880,
666765159,
681943361,
569092426,
387145214,
326804952,
T10866529,
Y49676981,
V67133304,
530060088,
680168692,
967009590,
884982756,
E32693610,
281288969,
N22303935,
U69723074,
S52913000,
352069077,
E83098063,
110777999,
T98964922,
670239054,
Y88188176,
F59988723,
894159620,
14977365,
R49022919,
392535148,
Q29492761,
Q06435158,
U58122448,
224580788,
54200104,
597096689,
P97694126,
828292148,
745054892,
150510160,
702508540,
Z93108114,
U80854431,
B44955381,
T36686361,
559781718,
Q39232982,
267722441,
357431837,
H70809806,
C48133058,
B00089478,
A82411165,
J60537611,
E83484044,
337815190,
977302246,
I33920521,
T65252359,
Y88141003,
994646405,
I90752480,
668846072,
D94395298,
Y52726458,
823365301,
P60152321,
10363057,
144762465,
D38123989,
819184415,
385421956,
753972475,
L92583898,
D46104792,
996258340,
V92791061,
Q50857120,
328853099,
P82160729,
242887122,
597772269,
146771645,
X77359891,
264297243,
871568454,
Z43114384,
551481487,
F72888679,
36361995,
144768643,
558609254,
W76879204,
596731837,
125353120,
423136657,
Y50665689,
J58167525,
782084225,
66675656,
478681606,
X21711068,
282840512,
Q79929264,
650522022,
140714444,
S74581644,
J80946077,
79528865,
409834793,
657982836,
Y79228383,
G25981004,
506635743,
B51602628,
S21772379,
K91382839,
U06517521,
888944560,
R92195026,
426928130,
F78593435,
632291813,
D61670945,
L49652390,
V46800900,
T41700819,
846460543,
W46365009,
X11461734,
795818745,
K74439513,
H85024639,
415062570,
G62035436,
507872800,
I50083966,
751903852,
798959608,
214304587,
85663827,
M56431417,
U12112104,
F27509109,
525317529,
721064728,
V35523050,
412605672,
224543460,
723589265,
S54099454,
408177360,
80001070,
518790014,
976716782,
519254721,
Q66560888,
F01578128,
344464350,
B97810330,
748392350,
383591109,
R78723944,
763701837,
Z79352495,
G37315727,
913208500,
E80160209,
W75699108,
H89647466,
474191539,
E88775957,
370017239,
181119966,
783352020,
218251360,
Q56821210,
642963273,
741751190,
560650080,
382844658,
B86323417,
G05907977,
916640805,
X68640370,
X68515541,
909375179,
659607245,
A00066322,
N97044011,
D51741863,
I92301857,
429756724,
951035909,
651130555,
938076405,
683604475,
847162250,
W26711707,
S92247609,
K83473774,
689882407,
G45932989,
139218007,
365509591,
P36214558,
575286618,
114550476,
C73646866,
Z16494857,
P82183629,
102866230,
F06663103,
X73389710,
Q92008664,
I02667561,
499992471,
371931447,
A42894315,
M11923208,
121180772,
913633839,
380315064,
R28137163,
539904453,
233299770,
R79734731,
P63961112,
Y45623673,
912753563,
161670961,
H29886704,
840194253,
F34156922,
T22709912,
E76737581,
757022859,
F35907052,
789579050,
A42393386,
J14218773,
585326157,
2748135,
262528584,
555656752,
P94475825,
986216041,
241429767,
C36373371,
922203118,
491710046,
U05703590,
716552299,
U22563764,
251040643,
917362860,
S52825938,
D82967659,
O16527068,
I66789760,
I98552266,
366146288,
956981611,
521044149,
H43105700,
696544424,
D03293235,
W71399558,
896204951,
S32176715,
244889988,
A14954249,
730398280,
303952546,
158743664,
S92210718,
V12526854,
116207468,
Y54553032,
465528405,
159804635,
G53676063,
J01817921,
K42932702,
494853948,
702119743,
100965464,
I88875979,
62699403,
178806717,
514599571,
R22449162,
310805530,
I36936177,
544927798,
207579590,
69706138,
213042844,
278624616,
933001441,
R47845657,
O36376526,
95289840,
R00840804,
230058635,
D59294753,
L76474610,
643467761,
A21243188,
K93397833,
483462374,
C58181484,
165788165,
J23826768,
427130483,
88882090,
969613421,
851968897,
L87338768,
X75336285,
370763638,
326233976,
H65737283,
C55481425,
F99280763,
B87730207,
77595268,
694467772,
651737503,
680770209,
T87493513,
N44813274,
350137708,
30748334,
16911713,
42048821,
H64939410,
D08595889,
396372737,
794690754,
I85957266,
H48008862,
632475558,
B88689431,
244147509,
B23015290,
D66686651,
667423600,
M81303258,
668924333,
773467940,
783471490,
11966415,
V32136412,
Z90951082,
G62333133,
C28302880,
A78226532,
564826580,
6196755,
V13672925,
869086685,
K77968866,
545857892,
462197382,
900708070,
Q95519601,
313854161,
873661096,
O85939856,
825923877,
166552282,
572987283,
B75556932,
X45165532,
C13212189,
V41495615,
360528593,
D73551453,
708497379,
Q51601992,
760656624,
J92116559,
489122112,
M17467811,
42899194,
L31347178,
S96386981,
D38145877,
W31487107,
J55679315,
H83512768,
A44443535,
38666948,
J17932694,
748221525,
F39119263,
G97333168,
675715547,
U56792463,
X05711269,
120715985,
S04212023,
U14417026,
768622890,
629483525,
470857192,
D75199939,
603332482,
W97406401,
Q69216395,
105621261,
V44844814,
H28453265,
790217033,
520129213,
582738678,
J01983977,
D22598878,
645832814,
G02593868,
K62260084,
924961921,
W78923196,
Z46411386,
K81931953,
883717188,
K27932927,
731936661,
618474335,
Q81824528,
R06256351,
D28829243,
400498219,
O99929814,
327989079,
I83007507,
646380853,
J67614025,
691813784,
593699049,
B41092167,
441965702,
648831555,
A16619771,
864456917,
258387074,
D57783906,
E18659647,
698521455,
822246444,
P13508667,
917959072,
C87055472,
397318163,
L70827529,
R96084107,
990232501,
909179766,
654216333,
779059160,
G73373140,
O21135658,
274601479,
T36991021,
S31246435,
487805713,
M79498315,
R87456622,
E99813478,
C09544356,
32862200,
D67366416,
150134530,
880518239,
897780924,
V13964845,
155957482,
E64738311,
88244369,
S70086573,
Z80543506,
A03628247,
90345005,
831438513,
H17128744,
639630819,
D51241335,
R36184524,
997740529,
18454074,
L42131001,
G03911584,
K57715498,
U87388067,
394202891,
H15169554,
D15882049,
912181060,
471422922,
148738571,
685360648,
M66386663,
411981093,
T84586658,
834380908,
A79630013,
U74875421,
T29301573,
Q10537570,
L06428419,
140975510,
709174797,
P48145289,
160142767,
A14795552,
H25724675,
M85652006,
314540310,
579817679,
218087999,
I69897237,
469341772,
U45763868,
680173937,
121380971,
O69838973,
444254793,
462073590,
554149466,
K36588823,
H22496092,
55045842,
F42236805,
P05819775,
542956547,
453853076,
F12367513,
456427849,
699074712,
85061507,
M44788285,
Y09476763,
G38953142,
345672397,
T05773411,
V53946985,
V11274338,
329705151,
518421190,
M66309779,
408816004,
F09217414,
210432887,
O24244837,
V70800453,
U71913714,
Y81132562,
599785516,
482748240,
H83504031,
A91160739,
619019582,
C02127167,
371324597,
Y05314592,
85504121,
728959158,
S48077285,
435879640,
T76628711,
777513236,
417200570,
W25350884,
310219869,
K77713518,
789006420,
M59206360,
694420519,
963751853,
O65388360,
T12328332,
784174811,
136267398,
Z26422436,
390115616,
J69753081,
779694945,
945543101,
867439731,
H15751170,
366885141,
855218737,
937794345,
80975920,
837944129,
A09854950,
F23851640,
T89863881,
278293058,
564046633,
E76042439,
312844319,
121918403,
Z02122744,
558616951,
J68002141,
Z73249668,
344226233,
U05908897,
H74245150,
Q88489819,
T96638382,
Q30278359,
X26875744,
927676787,
T61989037,
Y25785711,
946921275,
549466559,
P73876406,
639539450,
841201934,
289365171,
S79697659,
H19786870,
V62959743,
F11994952,
751544954,
700624882,
793038851,
912417210,
J86643030,
C94899016,
740903471,
I30188742,
M77175283,
350995921,
M25467144,
D15349225,
434424671,
J72957615,
A07397740,
32446707,
307727856,
U91157260,
D26138774,
803234245,
365547116,
U93132855,
F91085263,
143784875,
G43307344,
202144195,
R61996127,
F64268055,
463385864,
R35308493,
K77724530,
625838897,
353746132,
135748525,
U53993971,
M28123796,
593390813,
207061731,
B91149000,
I80104458,
E26231313,
400092943,
